Concept,definition,uni_lemma,Pronunciation,Num_Parts,MN_Toddler_Access,MN_Toddler_Access_No_Tax,Phon_1st,SUBTLEX_PM,LN_SUBTLEX,Length_Letters,Length_Phonemes,Length_Syllables,Bigram,Trigram,ColtheartN,Num_Feats_Tax,Num_Feats_No_Tax,Num_Disting_Feats_No_Tax,Disting_Feats_Percent_No_Tax,Mean_Distinct_No_Tax,Mean_CV_No_Tax,Density_No_Tax,Num_Corred_Pairs_No_Tax,Percent_Corred_Pairs_No_Tax,Num_Func,Num_Vis_Mot,Num_VisFandS,Num_Vis_Col,Num_Sound,Num_Taste,Num_Smell,Num_Tact,Num_Percep,Num_Ency,Num_Tax
airplane,airplane,airplane,[E@][pleIn],30,4.41,4.41,E@,199.36,5.3,8,5,2,254.93,32.61,0,13,13,5,38,0.38,0.4,526.4,7,9,3,3,5,0,0,0,0,0,8,2,0
alligator,alligator,alligator,[&][lI][geI][t@r*],45,4.62,4.7,&,134.2,4.9,9,8,4,214.76,42.59,0,20,17,5,29,0.344,0.355,565.17,13,10,1,2,7,1,0,0,0,0,10,6,3
animal,animal,animal,[&][nI][m],104,5,5.16,&,917.35,6.82,6,5,3,621.24,156.07,0,10,5,2,40,0.339,0.309,90.23,3,30,0,1,2,0,0,0,0,0,3,2,5
ankle,ankle,ankle,[&N][k],43,4.1,4.19,&,147.34,4.99,5,4,2,500.83,10.34,1,11,8,3,38,0.517,0.492,268.87,4,14,2,0,3,0,0,0,0,0,3,3,3
ant,ant,ant,[&nt],30,4.52,4.46,&,163.04,5.09,3,3,1,15047.34,NA,6,12,11,6,55,0.562,0.545,14.97,1,2,0,2,3,2,0,0,0,0,7,4,1
apple,apple,apple,[&][p],30,4.48,4.53,&,659.34,6.49,5,3,2,564.29,54.68,2,19,17,5,29,0.323,0.325,733.29,23,17,2,0,4,3,0,3,0,2,12,3,2
applesauce,applesauce,applesauce,[&][p][sO:s],72,5.04,4.9,&,6.83,1.92,10,6,3,281.31,NA,0,16,14,4,29,0.282,0.259,224,8,9,5,0,0,1,0,3,0,1,5,4,2
arm,arm,arm,[A:m],102,4.31,4.22,A,1475.03,7.3,3,2,1,2410.33,NA,5,11,10,4,40,0.503,0.484,121.3,4,9,2,0,8,0,0,0,0,0,8,0,1
aunt,aunt,aunt,[A:nt],43,4.93,4.77,A,553.61,6.32,4,3,1,796.97,46.78,4,9,4,1,25,0.406,0.361,16.17,1,17,0,0,0,0,0,0,0,0,0,4,5
baby,baby,baby,[beI][bI],43,5.22,5.16,b,5893.98,8.68,4,4,2,797.04,184.28,1,10,8,5,62,0.665,0.659,53.43,2,7,0,0,1,0,1,0,0,0,2,6,2
babysitter,babysitter,babysitter,[beI][bI][sI][t@r*],43,4.33,4.28,b,77.34,4.35,10,9,4,194.48,NA,0,14,10,9,90,0.817,0.833,0,0,0,0,2,0,0,0,0,0,0,2,8,4
backyard,backyard,yard,[b&][kjA:d],44,4.58,4.58,b,145.89,4.98,8,6,2,174.19,45.24,1,18,18,8,44,0.502,0.502,824.54,21,14,4,0,6,0,0,0,0,0,6,8,0
ball,ball,ball,[bO:l],58,5.07,5,b,3136.6,8.05,4,3,1,3261.22,442.52,18,17,11,5,45,0.498,0.541,83.1,3,5,5,2,2,1,0,0,0,0,5,1,6
balloon,balloon,balloon,[b@][lu:n],30,4.31,4.31,b,260.68,5.56,7,5,2,590.62,79.79,0,18,18,10,56,0.515,0.512,25.05,1,1,2,2,4,2,2,0,0,1,11,5,0
banana,banana,banana,[b@][nA:][n@],30,5.05,5,b,245.15,5.5,6,6,3,440.39,29.34,0,14,13,3,23,0.252,0.267,144.87,5,6,3,0,3,2,0,1,0,1,7,3,1
basement,basement,basement,[beIs][m@nt],30,3.91,3.91,b,376.75,5.93,8,7,2,520.65,240.2,1,16,16,9,56,0.622,0.607,202.7,6,5,1,0,7,0,0,0,1,2,10,5,0
basket,basket,basket,[bA:][skIt],30,3.83,3.83,b,144.74,4.97,6,6,2,933.52,108.46,2,9,9,6,67,0.693,0.698,0,0,0,4,0,3,0,0,0,0,0,3,2,0
bat_(baseball),bat,bat,[b&t],30,4.27,4.27,b,202.71,5.31,3,3,1,498.04,NA,22,8,8,4,50,0.476,0.443,0,0,0,4,0,3,0,0,0,0,1,4,0,0
bathroom,bathroom,bathroom,[bA:T][rUm],45,5.11,5.11,b,980.01,6.89,8,6,2,289.17,59.24,0,14,14,9,64,0.651,0.653,237.62,5,5,6,0,7,0,0,0,0,0,7,1,0
bathtub,bathtub,bathtub,[bA:T][tVb],30,4.61,4.61,b,106.47,4.67,7,6,2,428.51,22.23,0,16,16,5,31,0.369,0.348,549.68,11,9,7,0,3,1,0,0,0,1,5,4,0
beach,beach,beach,[bi:tS],61,4.48,4.48,b,919.4,6.82,5,3,1,2909.52,235.67,7,14,14,10,71,0.718,0.72,161.61,2,2,3,0,3,0,0,0,0,0,3,8,0
beads,beads,beads,[bi:dz],101,4.24,4.24,b,75.5,4.32,5,4,1,1962.29,194.57,11,15,15,5,33,0.41,0.395,67.12,3,3,5,0,7,2,0,0,0,0,9,1,0
beans,beans,beans,[bi:nz],30,3.99,4.19,b,347.13,5.85,5,4,1,1913.71,331.6,9,15,12,2,17,0.245,0.225,175.47,7,11,3,0,2,3,0,0,0,0,5,4,3
bear,bear,bear,[bE@r*],30,4.78,4.86,b,839.26,6.73,4,3,1,3039.46,757.07,18,19,17,5,29,0.225,0.24,592.69,20,15,1,1,7,3,0,0,0,0,11,5,2
bed,bed,bed,[bEd],30,4.33,4.3,b,3600.5,8.19,3,3,1,483.41,NA,14,17,16,9,56,0.546,0.563,383.1,9,8,2,0,5,0,0,0,0,3,8,6,1
bedroom,bedroom,bedroom,[bEd][rUm],30,4.81,4.74,b,431.69,6.07,7,6,2,647.21,60.94,0,10,9,4,44,0.581,0.666,567.33,6,17,2,0,6,0,0,0,0,0,6,1,1
bee,bee,bee,[bi:],38,4.72,4.68,b,237.99,5.47,3,2,1,781.89,NA,13,14,13,8,62,0.605,0.627,143.98,1,1,0,3,3,2,1,0,0,0,9,4,1
belly_button,belly button,belly button,[bE][lI][bV][t],61,3.97,4.02,b,6.33,1.85,11,8,4,NA,22.33,0,9,6,5,83,0.754,0.715,0,0,0,0,0,5,0,0,0,0,0,5,1,3
belt,belt,belt,[bElt],30,3.63,3.53,b,406.21,6.01,4,4,1,2427.84,248.32,10,13,11,6,55,0.579,0.594,111.19,5,9,4,0,6,0,0,0,0,0,6,1,2
bench,bench,bench,[bEntS],30,4.62,4.62,b,122.7,4.81,5,4,1,1893.63,86.74,5,11,11,3,27,0.28,0.292,74.34,3,5,2,0,5,1,0,0,0,1,7,2,0
bib,bib,bib,[bIb],43,4.47,4.47,b,8.45,2.13,3,3,1,296.87,NA,11,11,11,4,36,0.456,0.421,120.34,5,9,9,0,2,0,0,0,0,0,2,0,0
bike,bicycle,bicycle,[baIk],63,4.54,4.52,b,712.79,6.57,4,3,1,2070.95,1018.99,8,14,13,6,46,0.358,0.379,744.72,13,17,4,0,8,1,0,0,0,0,9,0,1
bird,bird,bird,[b3:d],39,5.14,5.07,b,1084.23,6.99,4,3,1,587.2,42.74,4,14,13,5,38,0.424,0.419,823.69,15,19,0,2,4,1,2,0,0,0,9,4,1
blanket,blanket,blanket,[bl&N][kIt],40,4.56,4.41,b,213.03,5.36,7,7,2,416.72,74.83,0,11,10,4,40,0.318,0.321,57.09,2,4,3,0,3,1,0,0,0,1,5,2,1
block_(toy),block,block,[blOk],45,5.21,5.12,b,666.01,6.5,5,4,1,885.18,183.17,4,13,12,3,25,0.267,0.273,86.7,2,3,4,0,5,2,0,0,0,1,8,0,1
boat,boat,boat,[b@Ut],40,3.89,3.82,b,2105.4,7.65,4,3,1,5962.28,89.92,9,14,13,9,69,0.677,0.681,89.7,2,3,5,1,5,0,0,0,0,0,6,2,1
book,book,book,[bUk],61,4.04,4.3,b,5205.92,8.56,4,3,1,2605.5,882.98,12,16,14,13,93,0.8,0.812,0,0,0,2,0,8,0,0,0,0,0,8,4,2
boots,boots,boots,[bu:ts],30,4.69,4.6,b,618.55,6.43,5,4,1,718.72,147.49,11,21,19,3,16,0.276,0.253,1781.54,40,23,8,0,7,2,0,0,0,0,9,2,2
bottle,bottle,bottle,[bO][t],30,4.05,4.08,b,1022.82,6.93,6,4,2,1977.1,752.72,1,15,14,4,29,0.415,0.437,1243.22,27,30,5,0,5,2,0,0,0,0,7,2,1
bowl,bowl,bowl,[b@Ul],30,4.64,4.64,b,322.79,5.78,4,3,1,1122.63,34.78,7,14,14,6,43,0.45,0.44,247.04,9,10,7,0,4,1,0,0,0,0,5,2,0
box,box,box,[bOks],30,4.31,4.37,b,1545.86,7.34,3,4,1,236.15,NA,11,14,13,5,38,0.43,0.444,97.98,3,4,2,0,10,1,0,0,0,0,11,0,1
boy,boy,boy,[bOI],39,4.78,4.45,b,8165.49,9.01,3,2,1,324.75,NA,14,10,8,3,38,0.394,0.384,32.43,2,7,0,1,3,0,0,0,0,0,4,4,2
bread,bread,bread,[brEd],30,4.2,4.11,b,494.14,6.2,5,4,1,1280.06,514.39,6,16,14,8,57,0.471,0.476,15.81,1,1,5,0,1,2,0,0,0,1,4,5,2
broom,broom,broom,[bru:m],30,4.04,4.04,b,74.03,4.3,5,4,1,867.4,108.06,4,13,13,7,54,0.508,0.483,50.24,2,3,5,0,6,0,0,0,0,0,6,2,0
brother,brother,brother,[brV][D@r*],43,4.99,4.78,b,3240.65,8.08,7,6,2,2011.62,997.15,1,9,3,2,67,0.381,0.479,0,0,0,0,0,0,0,0,0,0,0,0,3,6
brush,brush,brush (object),[brVS],30,4.27,4.27,b,95.98,4.56,5,4,1,638.39,55.64,3,12,12,6,50,0.484,0.47,106.76,5,8,6,0,4,0,0,0,0,0,4,2,0
bubble,bubbles,bubbles,[bV][b],45,4.6,4.6,b,164.23,5.1,6,4,2,1098.37,96.3,4,11,11,6,55,0.505,0.492,47.78,1,2,2,1,2,0,1,0,0,0,4,5,0
bucket,bucket,bucket,[bV][kIt],30,4.51,4.51,b,97.34,4.58,6,5,2,885.63,225.09,1,7,7,1,14,0.232,0.248,126.3,6,29,3,0,4,0,0,0,0,0,4,0,0
bug,bug,bug,[bVg],45,5.11,5.09,b,286.23,5.66,3,3,1,2837.49,NA,19,10,9,3,33,0.355,0.359,232.4,4,11,0,2,4,0,0,0,0,0,6,3,1
bunny,bunny,bunny,[bV][nI],75,5.53,5.72,b,397.74,5.99,5,4,2,261.33,81.13,5,18,14,4,29,0.316,0.311,300.66,9,10,0,2,5,2,0,0,0,3,12,2,4
bus,bus,bus,[bVs],30,4.57,4.55,b,1431.86,7.27,3,3,1,2842.29,NA,7,17,16,6,38,0.435,0.451,719.76,16,13,4,0,8,1,1,0,0,0,10,2,1
butter,butter,butter,[bV][t@r*],42,3.89,3.94,b,450.23,6.11,6,5,2,2667.36,670.98,10,19,18,7,39,0.428,0.398,288.31,10,7,6,0,1,1,0,3,0,1,6,6,1
butterfly,butterfly,butterfly,[bV][t@][flaI],30,4.31,4.4,b,126.69,4.84,9,7,3,493.13,43.13,0,15,13,6,46,0.461,0.459,398.56,10,13,0,2,3,2,0,0,0,0,7,6,2
buttocks,buttocks/bottom*,butt,[bV][t@ks],106,4.91,5.02,b,357.64,5.88,8,6,2,145.87,20.41,0,8,5,0,0,0.129,0.109,0,0,0,1,0,4,0,0,0,0,0,4,0,3
button,button,button,[bV][t],73,4.66,4.66,b,438.95,6.08,6,4,2,1055.73,79.63,2,12,12,6,50,0.355,0.343,22.85,1,2,1,0,7,1,0,0,0,0,8,3,0
cake,cake,cake,[keIk],30,4.74,4.64,k,932.94,6.84,4,3,1,2599.49,919.33,18,17,14,7,50,0.512,0.511,331.82,8,9,3,0,0,0,0,3,0,0,3,8,3
camera,camera,camera,[k&][m@][r@],45,3.08,3.15,k,976.43,6.88,6,6,3,769.75,44.32,0,12,11,10,91,0.795,0.785,0,0,0,2,0,4,0,0,0,0,0,4,5,1
camping,camping,camping,[k&m][pIN],121,3.85,3.85,k,50.34,3.92,7,6,2,3203.14,1759.83,3,10,10,9,90,0.805,0.797,0,0,0,0,0,0,0,0,0,0,0,0,10,0
can,can (object),can (object),[k&n],43,3.84,3.86,k,331.28,5.8,3,3,1,2908.21,NA,16,11,10,6,60,0.664,0.68,13.29,1,2,5,0,4,0,0,0,0,0,4,1,1
candy,candy,candy,[k&n][dI],56,5.42,5.42,k,560.18,6.33,5,5,2,663.83,141.79,7,14,14,2,14,0.191,0.197,775.74,18,20,2,0,0,1,0,5,0,3,9,3,0
car,car,car,[kA:r*],46,4.32,4.26,k,12637.36,9.44,3,3,1,1854.17,NA,18,17,15,3,20,0.304,0.304,961.59,23,22,1,1,7,1,0,0,0,0,9,5,2
carrot,carrots,carrots,[k&][r@t],30,3.94,3.95,k,150.88,5.02,6,5,2,768.79,117.43,1,18,16,9,56,0.561,0.581,143.13,6,5,4,0,4,2,0,0,0,1,7,5,2
cat,cat,cat,[k&t],30,4.7,4.79,k,1861.57,7.53,3,3,1,1520.04,NA,22,20,15,6,40,0.348,0.354,844.84,20,19,0,2,8,0,2,0,0,0,12,3,5
cereal,cereal,cereal,[sI@][rI@l],39,4.6,4.42,s,133.22,4.89,6,5,2,875.72,129.55,0,18,16,7,44,0.387,0.397,197.95,4,3,1,0,1,0,0,2,0,2,5,10,2
chair,chair,chair,[tSE@r*],30,4.3,4.27,tS,1008.08,6.92,5,3,1,1594.15,158.01,2,16,15,7,47,0.435,0.449,656.43,14,13,3,0,7,0,0,0,0,2,9,3,1
chalk,chalk,chalk,[tSO:k],44,4.57,4.57,tS,47.09,3.85,5,3,1,767.16,162.7,0,12,12,6,50,0.584,0.574,256.12,4,6,6,0,2,2,0,0,0,0,4,2,0
cheek,cheek,cheek,[tSi:k],58,4.41,4.41,tS,125.63,4.83,5,3,1,2829.91,140.17,3,10,10,5,50,0.513,0.524,18.38,1,2,0,3,3,2,0,0,0,1,9,1,0
cheerios,cheerios,cheerios,[tSI][rI][@Us],43,5.07,4.84,tS,4.78,1.56,8,5,3,786.92,103.94,0,14,11,4,36,0.269,0.244,114.21,4,7,2,0,3,0,0,1,0,0,4,5,3
cheese,cheese,cheese,[tSi:z],30,4.81,5.05,tS,817.38,6.71,6,3,1,726.99,67.33,0,19,15,5,33,0.367,0.355,187.93,6,6,5,0,0,3,0,2,1,2,8,2,4
chicken,chicken (animal),chicken (animal),[tSI][kIn],30,4.77,4.63,tS,1472.11,7.29,7,5,2,583.27,134.97,1,20,18,5,28,0.277,0.254,1245.78,27,18,2,4,4,0,2,0,0,0,10,6,2
child,child,child,[tSaIld],47,4.86,4.61,tS,5418.35,8.6,5,4,1,4295.23,727.55,1,15,9,5,56,0.63,0.64,98.8,4,11,0,1,1,0,0,0,0,0,2,7,6
chin,chin,chin,[tSIn],43,4.24,4.24,tS,159.77,5.07,4,3,1,1928.86,71.4,6,11,11,5,45,0.524,0.538,90.12,4,7,0,0,9,0,0,0,0,0,9,2,0
chocolate,chocolate,chocolate,[tSO][k@][l@t],43,4.96,5.1,tS,421.03,6.04,9,7,3,229.44,70.44,0,12,7,1,14,0.228,0.215,194.51,4,19,0,1,0,1,0,3,0,0,5,2,5
church,church*,church,[tS3:tS],56,3.33,3.16,tS,1738.97,7.46,6,3,1,639.45,196.06,0,13,11,11,100,1,1,0,0,0,2,0,2,0,0,0,0,0,2,7,2
circus,circus,circus,[s3:][k@s],43,3.93,3.96,s,282.5,5.64,6,5,2,215.45,39.11,0,15,14,11,79,0.809,0.813,0,0,0,1,0,2,0,0,0,0,0,2,11,1
clock,clock,clock,[klOk],30,3.95,4.07,k,478.36,6.17,5,4,1,973.91,213.38,7,14,12,8,67,0.571,0.617,166.43,3,5,3,0,5,0,1,0,0,0,6,3,2
closet,closet,closet,[klO][zIt],30,4.36,4.45,k,412.86,6.02,6,6,2,777.48,169.04,3,13,12,8,67,0.589,0.616,170.54,3,5,3,0,6,0,0,0,0,0,6,3,1
cloud,cloud,cloud,[klaUd],56,4.86,4.86,k,202.32,5.31,5,4,1,1419.74,165.81,2,9,9,3,33,0.392,0.426,162.95,4,11,1,0,2,3,0,0,0,1,6,2,0
clown,clown,clown,[klaUn],75,4.65,4.65,k,329.36,5.8,5,4,1,1022.23,315.65,3,14,14,11,79,0.727,0.744,31.69,2,2,2,0,7,1,0,0,0,0,8,4,0
coat,coat,coat,[k@Ut],30,4.49,4.42,k,972.19,6.88,4,3,1,5908.93,109.3,9,19,18,4,22,0.277,0.248,1400.35,32,21,4,0,11,1,0,0,0,1,13,1,1
coffee,coffee,coffee,[kO][fI],43,3.97,4.11,k,2703.82,7.9,6,4,2,542.78,113.41,1,17,14,5,36,0.394,0.404,498.68,9,10,3,0,1,2,0,1,1,0,5,6,3
coke,coke,coke,[k@Uk],99,4.44,4.26,k,260.55,5.56,4,3,1,1886.31,37.45,12,12,10,2,20,0.225,0.194,323.26,9,20,0,0,0,2,0,1,0,0,3,7,2
comb,comb,comb (object),[k@Um],30,4.48,4.48,k,43.25,3.77,4,3,1,1700.31,468.74,5,12,12,5,42,0.46,0.464,22.85,1,2,4,0,5,1,0,0,0,0,6,2,0
cookie,cookie,cookie,[kU][kI],43,5.14,4.91,k,488.56,6.19,6,4,2,703.76,156.03,3,13,9,3,33,0.355,0.365,204.54,6,17,1,0,3,0,0,3,0,0,6,2,4
corn,corn,corn,[kO:n],30,4.19,4.1,k,213.22,5.36,4,3,1,2298.73,121.11,10,13,12,8,67,0.569,0.606,16.41,1,2,3,0,5,1,0,1,0,0,7,2,1
couch,couch,couch,[kaUtS],30,4.42,4.4,k,516.58,6.25,5,3,1,3910.02,776.27,6,20,19,5,26,0.329,0.314,1261.48,26,15,6,0,7,0,0,0,0,3,10,3,1
country,country,country,[kVn][trI],73,3.27,3.19,k,1870.74,7.53,7,6,2,1200.66,526.21,0,10,8,6,75,0.67,0.64,0,0,0,1,0,2,0,0,0,0,0,2,5,2
cow,cow,cow,[kaU],30,4.66,4.71,k,828.66,6.72,3,2,1,1661.13,NA,23,22,20,8,40,0.402,0.406,577.55,17,9,3,4,5,3,1,0,1,0,14,3,2
cowboy,cowboy,cowboy,[kaU][bOI],60,4.18,4.03,k,330.51,5.8,6,4,2,466.15,6.3,0,13,12,12,100,0.875,0.888,0,0,0,1,1,5,0,0,0,0,0,6,5,1
cracker,cracker,cracker,[kr&][k@r*],44,5.14,4.95,k,144.1,4.97,7,6,2,1045.35,92.78,2,12,10,2,20,0.255,0.251,89.83,2,4,2,0,3,0,0,2,0,1,6,2,2
crayon,crayon,crayon,[kreI][@n],39,4.88,4.88,k,26.23,3.27,6,5,2,535.33,22.19,0,12,12,6,50,0.501,0.519,141.64,3,5,6,0,1,1,0,0,0,0,2,4,0
crib,crib,crib,[krIb],61,4.92,4.82,k,54.94,4.01,4,4,1,75.61,1.12,1,8,7,2,29,0.285,0.266,128.39,3,14,3,0,3,0,0,0,0,0,3,1,1
cup,cup,cup,[kVp],30,4.02,3.95,k,1300.71,7.17,3,3,1,155.45,NA,9,21,19,7,37,0.4,0.412,864.33,22,13,6,0,8,1,0,0,0,0,9,4,2
daddy,daddy*,daddy,[d&][dI],54,5.25,5.21,d,10433.53,9.25,5,4,2,238.87,35.9,3,13,8,4,50,0.549,0.502,76.72,1,4,0,0,0,0,0,0,0,0,0,8,5
deer,deer,deer,[dI@r*],30,4.54,4.72,d,191.11,5.25,4,3,1,2800.84,113.27,10,20,16,5,31,0.285,0.272,700.83,17,14,2,2,7,2,0,0,0,0,11,3,4
diaper,diaper,diaper,[daI][@][p@r*],64,4.53,4.53,d,97.26,4.58,6,6,3,1594.17,71.25,2,10,10,4,40,0.444,0.511,195.23,5,11,3,0,3,1,0,0,1,0,5,2,0
dish,dish,dish,[dIS],30,4.57,4.57,d,236.96,5.47,4,3,1,595.11,176.78,5,10,10,0,0,0.116,0.124,549.99,16,36,3,0,4,1,0,0,0,0,5,2,0
doctor,doctor,doctor,[dOk][t@r*],96,3.74,3.75,d,3570.86,8.18,6,6,2,464.26,201.38,0,11,10,9,90,0.875,0.85,0,0,0,1,0,1,0,0,0,0,0,1,8,1
dog,dog,dog,[dOg],30,4.88,5.09,d,4775.16,8.47,3,3,1,134.3,NA,14,18,14,6,43,0.445,0.451,447.86,10,11,1,2,6,0,1,0,0,1,10,3,4
doll,doll,doll,[dOl],40,5.08,4.84,d,554.04,6.32,4,3,1,3312.44,43.66,11,13,10,5,50,0.48,0.483,61.64,1,2,4,0,4,0,0,0,0,0,4,2,3
donkey,donkey,donkey,[dON][kI],30,5.17,5.34,d,91.97,4.52,6,5,2,710.05,39.01,1,14,12,2,17,0.254,0.243,523.31,13,20,1,0,5,2,1,0,0,1,9,2,2
donut,donut,donut,[dON][Vt],64,4.63,4.55,d,75.08,4.32,5,5,2,990.18,3.89,0,16,14,5,36,0.358,0.342,383.96,11,12,1,0,5,0,0,3,0,0,8,5,2
door,door,door,[dO:r*],30,4.11,4.11,d,4609.67,8.44,4,3,1,2587.59,446.65,5,13,13,8,62,0.678,0.69,67.47,3,4,6,0,7,0,0,0,0,0,7,0,0
downtown,downtown,downtown,[daUn][taUn],84,3.24,3.3,d,NA,NA,8,6,2,151.4,18.62,0,11,10,10,100,0.85,0.821,0,0,0,1,0,2,0,0,0,0,0,2,7,1
drawer_(the_furniture),drawer,drawer,[drO:][@r*],122,4.2,4.2,d,150.15,5.01,6,5,2,1605.16,83.21,1,8,8,3,38,0.402,0.355,15.44,1,4,5,0,2,0,0,0,0,0,2,1,0
dress,dress (object),dress (object),[drEs],74,4.03,3.85,d,1192.06,7.08,5,4,1,1317.71,254.38,5,10,9,4,44,0.52,0.549,102.81,4,11,2,0,2,1,0,0,0,0,3,4,1
drink,drink (beverage),drink (beverage),[drINk],47,4.64,4.41,d,2713.7,7.91,5,5,1,2317.86,662.96,3,16,10,5,50,0.434,0.45,441.54,7,16,3,0,2,0,0,0,0,1,3,4,6
dryer,dryer,dryer,[draI][@r*],44,3.78,3.77,d,61.17,4.11,5,5,2,2036.82,11.36,1,12,10,6,60,0.595,0.598,274.07,4,9,2,1,2,0,0,0,0,0,3,5,2
duck,duck,duck,[dVk],30,4.8,4.81,d,646.26,6.47,4,3,1,1488.22,53.91,13,20,17,6,35,0.38,0.376,1373.78,26,19,2,4,6,0,1,0,0,0,11,4,3
ear,ear,ear,[I@r*],43,4.25,4.16,I,924.43,6.83,3,2,1,721.29,NA,11,13,12,9,75,0.743,0.729,17.59,1,2,3,0,7,0,0,0,0,0,7,2,1
egg,egg,egg,[Eg],42,4.46,4.37,E,1263.09,7.14,3,2,1,42.32,NA,1,18,17,7,41,0.496,0.488,84.66,4,3,4,0,3,3,0,0,0,0,6,7,1
elephant,elephant,elephant,[E][lI][f@nt],43,4.64,4.72,E,358.77,5.88,8,7,3,369.51,100.69,0,16,14,5,36,0.43,0.47,616.21,14,15,2,1,6,1,0,0,0,1,9,3,2
eye,eye,eye,[aI],41,4.84,4.84,a,4343.13,8.38,3,1,1,144.25,NA,8,12,12,4,33,0.421,0.414,25.15,1,2,1,0,5,4,0,0,0,0,9,2,0
face,face,face,[feIs],44,5.12,5.12,f,3915.57,8.27,4,3,1,1985.69,765.76,11,14,14,8,57,0.596,0.608,323.73,6,7,2,1,9,0,0,0,0,0,10,2,0
farm,farm,farm,[fA:m],38,4.61,4.61,f,532.05,6.28,4,3,1,1379.71,135.64,6,15,15,13,87,0.785,0.776,0,0,0,3,0,3,0,0,0,0,0,3,9,0
feet,foot,foot,[fi:t],35,4.73,4.68,f,2819.7,7.94,4,3,1,2495.99,520.97,8,14,13,6,46,0.501,0.498,220.26,6,8,2,0,6,0,0,0,1,0,7,4,1
finger,finger,finger,[fIN][g@r*],44,4.06,4.28,f,903.49,6.81,6,6,2,2015.95,341.73,6,12,8,5,62,0.619,0.629,89.2,3,11,2,0,5,0,0,0,0,0,5,1,4
fireman,fireman,firefighter,[faI][@][m@n],75,4.74,4.74,f,76.74,4.34,7,6,3,380.88,14.8,2,14,14,11,79,0.726,0.681,0,0,0,0,0,2,0,0,0,0,0,2,12,0
firetruck,firetruck,firetruck,[faI][@r*][trVk],40,4.9,4.9,f,1.09,0.09,9,8,3,299.13,36.39,0,17,16,9,56,0.504,0.551,185.01,6,5,4,1,3,1,2,0,0,0,7,5,1
fish_(a_food),fish (food),fish (food),[fIS],43,4.15,4.21,f,1043.23,6.95,4,3,1,1015.51,258.18,3,12,11,1,9,0.219,0.193,1002.49,14,25,3,1,2,0,0,1,1,0,5,3,1
fish_(the_animal),fish (animal),fish (animal),[fIS],66,4.48,4.35,f,1130.17,7.03,4,3,1,1015.51,258.18,3,13,12,4,33,0.459,0.528,1410.11,21,32,1,1,3,1,0,0,0,0,5,6,1
flag,flag,flag,[fl&g],39,4.23,4.35,f,312.34,5.74,4,4,1,317.9,82.54,8,14,13,7,54,0.524,0.466,0,0,0,0,1,5,4,0,0,0,0,10,3,1
flower,flower,flower,[flaU][@r*],45,4.32,4.23,f,1648.88,7.41,6,5,2,1711.65,178.83,4,22,19,11,58,0.602,0.605,258.1,9,5,2,0,3,2,0,0,2,0,7,10,3
food,food,food,[fu:d],44,4.2,4.11,f,1541.04,7.34,4,3,1,2363.14,874.74,10,9,8,2,25,0.277,0.283,86.4,3,11,2,0,0,0,0,1,0,0,1,5,1
fork,fork,fork,[fO:k],30,3.67,3.68,f,167.81,5.12,4,3,1,2377.9,597.01,8,14,13,7,54,0.483,0.465,107.31,5,6,1,0,8,0,0,0,0,1,9,3,1
french_fries,french fries,french fries,[frEntS][fralz],40,3.94,4.02,f,NA,NA,11,9,2,NA,529.33,0,16,14,6,43,0.384,0.415,664.44,18,20,3,0,1,0,0,3,0,2,6,5,2
friend,friend,friend,[frEnd],60,4.37,4.41,f,8660.85,9.07,6,5,1,996.38,232.91,0,11,8,6,75,0.662,0.68,0,0,0,1,0,0,0,0,0,0,0,0,7,3
frog,frog,frog,[frOg],30,4.93,5,f,264.14,5.58,4,4,1,2962.21,264.63,3,16,14,8,57,0.473,0.437,178.94,3,3,0,5,3,1,1,0,0,0,10,4,2
game,game,game,[geIm],61,4.23,4.38,g,3285.8,8.1,4,3,1,3175.21,980.51,13,11,7,5,71,0.727,0.732,47.78,1,5,1,0,0,0,0,0,0,0,0,6,4
garage,garage,garage,[g&][rA:dZ],30,4.18,4.18,g,270.66,5.6,6,5,2,611.33,96.15,0,9,9,4,44,0.509,0.531,115.85,3,8,5,0,3,0,0,0,0,0,3,1,0
garbage,garbage,garbage,[gA:][bIdZ],45,4.36,4.39,g,369.33,5.91,7,5,2,610.79,139.39,0,13,11,9,82,0.622,0.623,38.87,1,2,0,3,1,0,0,0,2,0,6,5,2
garden,garden,garden,[gA:][d],63,4.31,4.31,g,464.92,6.14,6,4,2,963.2,267.8,2,14,14,9,64,0.586,0.625,314.4,6,7,5,0,3,0,0,0,0,0,3,6,0
gas_station,gas station,gas station,[g&s][steI][S],61,4.16,4.16,g,NA,NA,10,8,3,968.2,NA,0,12,12,10,83,0.688,0.65,0,0,0,3,0,4,0,0,0,1,0,5,4,0
giraffe,giraffe,giraffe,[dZI][rA:f],30,4.86,4.98,d,31.65,3.45,7,5,2,85.3,6.15,0,14,12,5,42,0.453,0.461,190.01,3,5,0,1,5,3,0,0,0,0,9,3,2
girl,girl,girl,[g3:l],43,5.2,4.99,g,9134.07,9.12,4,3,1,583.8,277.71,3,11,6,4,67,0.632,0.656,0,0,0,0,1,1,0,0,0,0,0,2,4,5
glass,glass,glass,[glA:s],62,4.19,4.19,g,1119.12,7.02,5,4,1,1016.99,323.18,3,11,11,4,36,0.48,0.461,331.39,7,13,3,1,0,3,0,0,0,1,5,3,0
glasses,glasses,glasses,[glA:][sIz],86,3.87,3.87,g,1322.59,7.19,7,6,2,964.57,233.95,2,13,13,7,54,0.504,0.499,93.48,4,5,5,0,5,0,0,0,0,0,5,3,0
gloves,gloves,gloves,[glVvz],30,4.39,4.2,g,400.13,5.99,6,5,1,964.13,117.71,4,14,12,4,33,0.344,0.331,1248.41,21,32,5,0,4,0,0,0,0,0,4,3,2
glue,glue,glue,[glu:],44,4.35,4.67,g,56.54,4.03,4,3,1,183.72,75.7,6,11,9,4,44,0.406,0.415,52.38,1,3,4,0,0,2,0,0,1,1,4,1,2
goose,goose,goose,[gu:s],30,4.98,4.82,g,238.67,5.48,5,3,1,1892.71,512.27,4,15,13,3,23,0.281,0.27,1199.92,20,26,1,1,6,1,1,0,0,0,9,3,2
grandma,grandma*,grandma,[gr&n][mA:],38,5.26,5.19,g,648.54,6.47,7,6,2,406.72,67.48,1,13,11,7,64,0.58,0.579,112.23,3,5,0,2,1,0,0,0,0,0,3,8,2
grandpa,grandpa*,grandpa,[gr&n][pA:],43,5.51,5.29,g,281.03,5.64,7,6,2,402.7,66.14,1,8,6,3,50,0.44,0.464,49.16,2,13,0,0,1,0,0,0,0,0,1,5,2
grape,grapes,grapes,[greIp],43,4.57,4.5,g,172.34,5.15,5,4,1,764.32,129.28,8,17,16,7,44,0.46,0.468,411.39,12,10,5,0,2,3,0,3,0,0,8,3,1
grass,grass,grass,[grA:s],42,4.69,4.64,g,221.39,5.4,5,4,1,1192.25,297.28,7,12,11,5,45,0.435,0.429,106.11,5,9,1,0,2,1,0,0,0,1,4,6,1
green_beans,green beans,green beans,[gri:n][bi:nz],45,4.24,4.28,g,NA,NA,10,8,2,193.03,NA,0,12,10,1,10,0.209,0.198,124.38,5,11,2,0,1,1,0,0,0,0,2,6,2
gum,gum,gum,[gVm],39,4.66,4.63,g,192.21,5.26,3,3,1,100.1,NA,11,12,11,6,55,0.487,0.507,164.69,3,5,1,0,0,1,0,3,0,2,6,4,1
hair,hair,hair,[hE@r*],38,4.54,4.54,h,2932.25,7.98,4,3,1,3609.63,267.54,5,17,17,7,41,0.46,0.478,107.64,5,4,1,0,6,6,0,0,0,0,12,4,0
hamburger,hamburger,hamburger,[h&m][b3:][g@r*],87,4.68,4.7,h,185.65,5.22,9,8,3,144.52,9.02,0,17,14,8,57,0.484,0.447,131.4,2,2,2,0,9,0,0,1,0,0,10,2,3
hammer,hammer,hammer,[h&][m@r*],30,3.64,3.64,h,216.7,5.38,6,5,2,1925.65,122.34,1,16,15,10,67,0.596,0.626,18.48,1,1,5,0,7,0,1,0,0,1,9,1,1
hand,hand,hand,[h&nd],45,4.81,4.77,h,6981.75,8.85,4,4,1,3920.53,646.59,9,13,12,8,67,0.619,0.592,38.52,2,3,4,0,8,0,0,0,0,0,8,0,1
hat,hat,hat,[h&t],61,4.94,4.93,h,719.46,6.58,3,3,1,4529.32,NA,22,9,7,4,57,0.542,0.55,0,0,0,4,0,0,1,0,0,0,0,1,2,2
head,head,head,[hEd],104,5.12,5.1,h,4981.71,8.51,4,3,1,2653.57,922.23,12,12,11,6,55,0.573,0.595,335.55,6,11,0,0,10,0,0,0,0,0,10,1,1
helicopter,helicopter,helicopter,[hE][lI][kOp][t@r*],30,3.84,3.84,h,208.38,5.34,10,10,4,207.6,NA,0,10,10,5,50,0.48,0.487,71.82,3,7,3,2,3,0,1,0,0,0,6,1,0
hen,hen,hen,[hEn],45,4.9,4.68,h,73.9,4.3,3,3,1,2431.92,NA,17,15,12,4,33,0.298,0.32,632.68,11,17,1,1,3,0,1,0,0,0,5,6,3
high_chair,high chair,high chair,[haI][tSE@r*],43,4.45,4.41,h,1.34,0.29,9,5,2,58.29,10.64,0,9,8,4,50,0.48,0.473,0,0,0,4,0,4,0,0,0,0,0,4,0,1
home,home,home,[h@Um],38,4.56,4.43,h,2269.72,7.73,4,3,1,3827.21,1897.69,10,9,8,4,50,0.573,0.564,136.77,2,7,6,0,0,0,0,0,0,1,1,1,1
horse,horse,horse,[hO:s],30,4.77,4.69,h,2749.19,7.92,5,3,1,2390.84,194.63,5,19,18,5,28,0.31,0.318,940.9,27,18,5,2,6,0,0,0,0,0,8,5,1
hose,hose,hose,[h@Uz],30,4.28,4.34,h,148.45,5,4,3,1,1480.45,151.04,11,16,15,8,53,0.438,0.418,30.74,1,1,4,0,6,1,0,0,0,0,7,4,1
house,house,house,[haUz],61,4.8,4.77,h,12621.88,9.44,5,3,1,3678.92,705.75,5,16,14,8,57,0.632,0.636,202.82,4,4,4,0,10,0,0,0,0,0,10,0,2
ice,ice,ice,[aIs],45,4.57,4.59,a,1117.14,7.02,3,2,1,58.6,NA,3,13,12,8,67,0.547,0.557,57.13,1,2,4,1,2,1,0,0,0,3,7,1,1
ice_cream,ice cream,ice cream,[aIs][kri:m],61,5.06,5.23,a,NA,NA,8,6,2,182.13,12.05,0,13,11,2,18,0.251,0.234,878,23,42,0,0,0,0,0,5,0,2,7,4,2
jacket,jacket,jacket,[dZ&][kIt],30,5.1,5.05,dZ,599.87,6.4,6,5,2,894.71,264.77,2,15,14,4,29,0.326,0.326,857.4,18,20,4,0,6,1,0,0,0,1,8,2,1
jar,jar,jar,[dZA:r*],30,3.97,4,dZ,133.09,4.89,3,3,1,654.47,NA,14,12,11,4,36,0.478,0.495,714.3,13,24,4,0,5,1,0,0,0,0,6,1,1
jeans,jeans,jeans,[dZi:nz],30,4.2,4.09,dZ,100.63,4.61,5,4,1,1483.56,284.46,4,14,13,7,54,0.532,0.542,263.42,6,8,2,0,5,3,0,0,0,1,9,2,1
jello,jello,jello,[dZE][l@U],57,4.89,4.86,dZ,7.76,2.05,5,4,2,325.38,71.03,3,13,12,5,42,0.379,0.36,175.46,5,8,1,1,0,1,0,3,0,1,6,5,1
jelly,jelly,jelly,[dZE][lI],44,4.95,4.95,dZ,88.22,4.48,5,4,2,561.77,151.78,4,11,11,4,36,0.394,0.419,261.64,7,13,2,0,0,0,0,4,0,1,5,4,0
juice,juice,juice,[dZu:s],39,4.92,4.54,dZ,426.11,6.05,5,3,1,1877.69,186.05,1,14,10,2,20,0.253,0.24,315.71,8,18,0,1,2,0,0,2,0,0,5,5,4
key,keys,keys,[ki:],43,4.27,4.27,k,2499.96,7.82,3,2,1,89.43,NA,5,15,15,12,80,0.751,0.75,0,0,0,7,0,4,1,1,0,0,0,6,2,0
kitchen,kitchen,kitchen,[kI][tSIn],78,4.73,4.68,k,1155.21,7.05,7,5,2,1051.16,285.18,0,18,17,13,76,0.719,0.697,0,0,0,4,0,12,0,0,0,0,0,12,1,1
kitty,kitty,kitty,[kI][tI],59,5.71,5.62,k,416.55,6.03,5,4,2,346.95,67.88,3,15,11,3,27,0.289,0.295,469.37,11,20,0,0,3,0,2,0,0,3,8,3,4
knee,knee,knee,[ni:],58,4.04,4.02,n,307.71,5.73,4,2,1,939.26,257.17,1,7,5,3,60,0.717,0.822,159.07,1,10,2,0,2,0,0,0,0,0,2,1,2
knife,knife,knife,[naIf],30,3.54,3.68,n,990.95,6.9,5,3,1,262.77,38.27,0,17,14,8,57,0.524,0.534,155.55,5,5,3,0,6,0,0,0,0,2,8,3,3
ladder,ladder,ladder,[l&][d@r*],56,4.44,4.44,l,130.28,4.87,6,5,2,1876.32,191.4,3,12,12,8,67,0.535,0.529,0,0,0,6,0,5,0,0,0,0,0,5,1,0
lady,lady,lady,[leI][dI],104,4,3.68,l,2311.31,7.75,4,4,2,1070.11,118.27,3,6,5,4,80,0.625,0.583,0,0,0,0,0,1,0,0,0,0,0,1,4,1
lamb,lamb,lamb,[l&m],126,5.18,5.07,l,292.8,5.68,4,3,1,1250.37,32.21,3,13,10,2,20,0.188,0.188,180.43,7,16,2,0,3,1,1,0,0,1,6,2,3
lamp,lamp,lamp,[l&mp],30,4.02,3.96,l,226.64,5.42,4,4,1,1288.74,84.14,8,14,13,9,69,0.65,0.628,148.46,3,4,3,0,6,0,0,0,0,0,6,4,1
lawn_mower,lawn mower,lawn mower,[lO:n][m@U][@r*],65,4.26,4.44,l,5.12,1.63,9,7,3,79.09,3.63,0,10,9,2,22,0.32,0.363,580.54,15,42,4,0,3,0,1,0,0,0,4,1,1
leg,leg,leg,[lEg],64,4.68,4.63,l,1944.84,7.57,3,3,1,348.64,NA,12,16,15,7,47,0.528,0.532,440.2,13,12,3,1,9,0,0,0,0,0,10,2,1
light,light,light (object),[laIt],54,4.54,4.54,l,1615.33,7.39,5,3,1,2289.04,1877.88,8,9,9,5,56,0.659,0.644,0,0,0,2,0,1,0,0,0,0,1,2,5,0
lion,lion,lion,[laI][@n],30,4.55,4.92,l,472.22,6.16,4,4,2,1440.27,16.98,1,20,13,2,15,0.223,0.218,1059.45,27,35,1,0,5,0,1,0,0,0,6,6,7
lips,lips,lips,[lIps],45,5.01,5.01,l,546.19,6.3,4,4,1,1280.55,77.74,11,12,12,6,50,0.474,0.466,105.36,2,3,4,0,2,2,0,0,0,1,5,3,0
living_room,living room,living room,[lI][vIN][ru:m],43,4.57,4.5,l,NA,NA,10,8,3,70.35,NA,0,14,13,6,46,0.469,0.486,145.27,5,6,4,0,7,0,0,0,0,0,7,2,1
lollipop,lollipop,lollipop,[lO][lI][pOp],40,5.4,5.34,l,32.55,3.48,8,7,3,231.64,44.24,0,14,13,4,31,0.336,0.334,511.12,10,13,3,0,3,1,0,2,0,2,8,2,1
mailman,mailman,mailman,[meIl][m&n],60,4.28,4.28,m,39.93,3.69,7,6,2,306.77,36.12,0,12,12,11,92,0.847,0.828,0,0,0,0,1,2,1,0,0,0,0,4,8,0
man,man,man,[m&n],44,4.32,3.9,m,19211.56,9.86,3,3,1,2794.89,NA,19,8,6,3,50,0.51,0.509,0,0,0,0,0,2,0,0,0,0,0,2,4,2
meat,meat,meat,[mi:t],39,3.97,3.78,m,725.92,6.59,4,3,1,6858.02,456.17,13,15,10,5,50,0.565,0.566,42.35,2,4,2,0,0,1,0,0,0,0,1,7,5
medicine,medicine,medicine,[mEd][sIn],102,3.62,3.77,m,381.57,5.94,8,6,2,1069.68,115.17,0,10,9,8,89,0.79,0.796,0,0,0,3,0,2,0,0,1,0,0,3,3,1
melon,melon,melon,[mE][l@n],86,4.78,4.86,m,86.3,4.46,5,5,2,407.7,51.06,1,14,11,1,9,0.153,0.105,397.31,10,18,0,0,3,2,0,2,0,1,8,3,3
milk,milk,milk,[mIlk],75,4.46,4.48,m,544.91,6.3,4,4,1,1505.14,152.38,6,12,10,4,40,0.432,0.456,130.78,4,9,3,0,1,1,0,1,0,0,3,4,2
mittens,mittens,mittens,[mI][tz],30,4.45,4.37,m,23.99,3.18,7,5,2,1052.21,144.37,1,15,14,6,43,0.435,0.45,1294.63,21,23,4,0,3,1,0,0,0,0,4,6,1
mommy,mommy*,mommy,[mO][mi:],64,5.13,4.86,m,6719.19,8.81,5,2,2,624.98,17.93,2,10,7,3,43,0.494,0.438,141.06,2,10,0,0,0,0,0,0,0,0,0,7,3
money,money,money,[mV][nI],36,3.74,3.83,m,6968.31,8.85,5,4,2,782.97,470.27,1,10,7,5,71,0.679,0.715,0,0,0,1,0,2,1,0,0,0,0,3,3,3
monkey,monkey,monkey,[mVN][kI],75,4.9,5.24,m,627.66,6.44,6,5,2,966.16,95.24,1,14,11,5,45,0.411,0.378,145.71,3,5,0,3,2,1,0,0,0,1,7,4,3
moon,moon,moon,[mu:n],57,3.78,3.79,m,789.21,6.67,4,3,1,3112.69,249.21,10,14,13,9,69,0.699,0.702,43.89,2,3,0,0,4,1,0,0,0,0,5,8,1
moose,moose,moose,[mu:s],30,4.48,4.73,m,90.22,4.5,5,3,1,1939.63,499.25,4,15,12,2,17,0.175,0.176,643.43,17,26,2,0,7,1,0,0,0,0,8,2,3
mop,mop,mop,[mOp],98,4.33,4.33,m,24.38,3.19,3,3,1,150.52,NA,14,9,9,4,44,0.412,0.416,186.38,3,8,3,0,3,0,0,0,0,0,3,3,0
motorcycle,motorcycle,motorcycle,[m@U][t@][saI][k],63,4.52,4.49,m,215.85,5.37,10,8,4,125.87,NA,0,15,14,3,21,0.31,0.292,1183.37,28,31,2,1,6,0,1,0,0,0,8,4,1
mouse,mouse,mouse,[maUz],30,4.73,4.73,m,523.58,6.26,5,3,1,3648.97,509.47,6,19,17,8,47,0.534,0.537,401.95,13,10,2,2,5,2,1,0,0,0,10,5,2
mouth,mouth,mouth,[maUD],43,5.26,5.26,m,1543.58,7.34,5,3,1,2950.34,386.56,3,13,13,7,54,0.432,0.429,140.14,5,6,6,0,6,0,0,0,0,0,6,1,0
movies,movie,movie,[mu:][vIz],41,3.93,4.14,m,2204.71,7.7,6,5,2,1471.85,284.02,1,12,10,7,70,0.713,0.705,20.84,1,2,1,0,0,0,0,0,0,0,0,9,2
muffin,muffin,muffin,[mV][fIn],56,4.94,4.9,m,130.32,4.87,6,5,2,223.75,19.79,1,13,11,4,36,0.229,0.217,139.4,4,7,2,0,2,0,0,2,0,1,5,4,2
nail_(an_object),nail,nail (object),[neIl],75,3.84,3.84,n,206.68,5.33,4,3,1,1570.88,99.39,10,10,10,6,60,0.552,0.524,23.09,1,2,4,1,3,0,0,0,0,1,5,1,0
napkin,napkin,napkin,[n&p][kIn],30,4.72,4.72,n,94.06,4.54,6,6,2,254.75,5.7,0,14,14,5,36,0.455,0.452,183.04,5,5,5,0,3,2,0,0,0,1,6,3,0
necklace,necklace,necklace,[nEk][lIs],30,3.25,3.23,n,193.98,5.27,8,6,2,359.18,12.97,0,17,15,10,67,0.708,0.722,143.45,5,5,3,0,8,0,0,0,0,0,8,4,2
noodles,noodles,pasta,[nu:][dz],74,4,3.68,n,108.97,4.69,7,5,2,962.31,92.36,2,13,9,2,22,0.356,0.332,93.42,4,11,5,0,1,0,0,1,0,0,2,2,4
nose,nose,nose,[n@Uz],58,5.12,5.12,n,887.55,6.79,4,3,1,1182.97,175.79,10,11,11,7,64,0.577,0.602,13.14,1,2,3,0,4,0,0,0,0,0,4,4,0
nurse,nurse,nurse,[n3:s],64,4.23,4.32,n,457.46,6.13,5,3,1,1552.31,121.73,2,8,7,6,86,0.75,0.8,0,0,0,1,0,1,0,0,0,0,0,1,5,1
nuts,nuts,nuts,[nVts],126,4.19,4.18,n,772.7,6.65,4,4,1,274.91,60.22,9,12,6,1,17,0.284,0.258,22.14,1,7,2,0,1,0,0,0,0,1,2,2,6
orange,orange (food),orange (food),[O][rIndZ],44,5.05,4.88,O,249.16,5.52,6,5,2,677.64,208.91,1,13,11,3,27,0.273,0.252,357.29,8,15,2,0,3,1,0,2,0,1,7,2,2
outside,outside,outside,[aUt][saId],44,5.21,5.21,a,31.05,3.44,7,5,2,540.94,316.96,1,16,16,8,50,0.504,0.471,276.24,7,6,1,0,5,0,0,0,0,2,7,8,0
oven,oven,oven,[V][v],30,3.88,3.91,V,143.93,4.97,4,3,2,4586.99,1354.92,5,14,13,3,23,0.39,0.414,1041.58,21,27,4,0,4,0,0,0,0,1,5,4,1
owie/boo_boo,owie/boo boo,owie,NA,43,5,4.94,a,0.7,-0.36,4,3,2,24.58,0,0,11,7,6,86,0.762,0.79,0,0,0,0,1,0,0,0,0,0,0,1,6,4
owl,owl,owl,[aUl],30,5.01,4.83,aU,109.25,4.69,3,2,1,467.29,NA,3,13,11,4,36,0.358,0.357,558.5,10,18,0,2,4,1,1,0,0,0,8,3,2
pajamas,pajamas,pajamas,NA,123,5.14,5.09,p,107.8,4.68,7,7,3,209.89,5.41,1,11,10,4,40,0.427,0.442,250.51,5,11,4,0,3,0,0,0,0,2,5,1,1
pancake,pancake,pancake,[p&N][keIk],47,4.74,4.67,p,236.49,5.47,7,6,2,338.67,27.92,0,16,15,5,33,0.399,0.382,116,5,5,1,0,5,1,0,1,0,1,8,6,1
pants,pants,pants,[p&nts],30,4.22,4.26,p,1352.67,7.21,5,5,1,816.87,125.38,7,21,18,8,44,0.448,0.489,779.76,17,11,5,0,11,1,0,0,0,0,12,1,3
paper,paper,paper,[peI][p@r*],63,4.42,4.42,p,1516.86,7.32,5,5,2,2301.46,206.64,6,9,9,5,56,0.505,0.497,27.33,1,3,4,0,0,2,0,0,0,0,2,3,0
park,park,park,[pA:k],44,5.21,5.21,p,631.93,6.45,4,3,1,1605.05,458.77,13,9,9,4,44,0.529,0.517,296.8,7,19,3,0,3,0,0,0,0,0,3,3,0
party,party,party,[pA:][tI],58,4.64,4.82,p,3325.75,8.11,5,4,2,1228.27,537.39,6,12,8,5,62,0.476,0.47,0,0,0,0,0,3,0,2,0,0,0,5,3,4
peanut_butter,peanut butter,peanut butter,[pi:][nVt][bV][t@r*],57,4.61,4.61,p,NA,NA,12,10,7,NA,NA,0,13,13,5,38,0.381,0.405,123.31,5,6,3,0,1,1,0,1,0,5,8,2,0
peas,peas,peas,[pi:z],41,4.89,4.86,p,152.2,5.03,4,3,1,1452.57,31.09,11,14,13,2,15,0.247,0.239,160.88,6,8,3,0,2,1,0,1,0,1,5,5,1
pen,pen,pen,[pEn],30,4.36,4.36,p,405.2,6,3,3,1,692.34,NA,20,14,14,4,29,0.364,0.356,95.62,3,3,1,0,9,3,0,0,0,0,12,1,0
pencil,pencil,pencil,[pEn][s],30,3.79,3.8,p,217.72,5.38,6,5,2,614.46,19.14,0,16,15,8,53,0.613,0.616,315.6,6,6,4,0,7,1,0,0,0,0,8,3,1
penguin,penguin,penguin,[pEN][gwIn],30,4.63,4.46,p,87.92,4.48,7,7,2,538.53,25.81,0,18,16,6,38,0.396,0.419,963.35,23,19,0,3,5,2,0,0,0,0,10,6,2
penis,penis*,penis,[pi:][nIs],41,3.49,3.62,p,189.66,5.25,5,5,2,251.15,18.73,0,13,12,6,50,0.51,0.531,24.15,1,2,3,2,3,0,0,0,0,2,7,2,1
penny,penny,penny,[pE][nI],41,3.79,3.7,p,388.18,5.96,5,4,2,311.39,78.75,2,13,11,8,73,0.644,0.625,0,0,0,2,0,7,0,0,0,0,0,7,2,2
people,people,people,[pi:][p],57,4.6,3.92,p,10065.29,9.22,6,4,2,2287.1,1549.74,0,7,4,4,100,0.875,0.831,0,0,0,0,0,1,0,1,0,0,0,2,2,3
person,person,person,[p3:][s],39,5.12,4.74,p,5751.59,8.66,6,4,2,1084.99,386.01,1,4,2,0,0,0.134,0.116,0,0,0,0,0,0,0,0,0,0,0,0,2,2
pickle,pickle,pickle,[pI][k],30,4.79,4.7,p,159.71,5.07,6,4,2,1086.68,96.43,3,18,16,5,31,0.334,0.321,556.36,15,12,2,0,2,1,0,5,0,2,10,4,2
picnic,picnic,picnic,[pIk][nIk],43,4.68,4.71,p,172.74,5.15,6,6,2,245.05,44.24,0,13,12,8,67,0.543,0.585,84.22,3,5,0,0,4,0,0,0,0,0,4,8,1
picture,picture,picture,[pIk][tS@r*],44,3.76,3.77,p,1925.73,7.56,7,6,2,607.18,331.34,0,9,7,5,71,0.489,0.504,0,0,0,1,0,1,1,0,0,0,0,2,4,2
pig,pig,pig,[pIg],30,4.82,4.93,p,1218.13,7.11,3,3,1,214.89,NA,14,22,19,9,47,0.536,0.547,619.96,17,10,4,1,8,1,2,0,1,0,13,2,3
pillow,pillow,pillow,[pI][l@U],30,4.6,4.6,p,205.46,5.33,6,4,2,579.69,202.69,2,13,13,8,62,0.585,0.615,153.34,3,4,3,0,3,1,0,0,0,3,7,3,0
pizza,pizza,pizza,[pi:t][s@],106,4.59,4.62,p,699.5,6.55,5,5,2,83.29,3.68,0,18,16,9,56,0.469,0.448,256.57,5,4,3,1,9,0,0,2,0,0,12,1,2
plant,plant,plant,[plA:nt],45,4.24,4.18,p,420.07,6.04,5,5,1,1395.35,468.57,5,13,12,6,50,0.395,0.371,164.28,6,9,3,0,2,1,0,0,0,0,3,6,1
plate,plate,plate,[pleIt],30,4.32,4.27,p,828.83,6.72,5,4,1,1356.64,430.95,4,20,19,4,21,0.28,0.26,787.87,21,12,4,0,10,1,0,0,0,0,11,4,1
play_dough,play dough,play dough,[pleI][d@U],41,4.71,4.6,p,NA,NA,9,5,2,44.48,6.77,0,15,13,8,62,0.595,0.6,72.84,2,3,3,0,2,2,0,0,1,2,7,3,2
play_pen,play pen,play pen,[pleI][pEn],45,4.59,4.59,p,7.68,2.04,7,6,2,554.49,98.86,0,10,10,4,40,0.409,0.391,100.96,2,4,5,0,3,0,0,0,0,0,3,2,0
playground,playground,playground,[pleI][graUnd],75,5.63,5.63,p,77.36,4.35,10,8,2,98.57,NA,0,13,13,6,46,0.538,0.544,330.39,12,15,2,0,7,0,0,0,0,0,7,4,0
police,police,police,[p@][li:s],43,4.1,4.05,p,3063.15,8.03,6,5,2,999.23,509.02,2,12,11,10,91,0.795,0.836,0,0,0,0,1,3,0,0,0,0,0,4,7,1
pony,pony,pony,[p@U][nI],30,5.24,5.2,p,212.69,5.36,4,4,2,1174.63,19.27,7,18,15,3,20,0.287,0.278,856.02,21,20,3,2,9,0,0,0,0,0,11,1,3
pool,pool,pool,[pu:l],62,4.39,4.39,p,532.79,6.28,4,3,1,1770.68,212.51,9,10,10,4,40,0.521,0.536,265.11,7,16,3,0,3,0,0,0,0,0,3,4,0
popcorn,popcorn,popcorn,[pOp][kO:n],75,4.8,4.64,p,135.97,4.91,7,6,2,307.59,20.99,0,17,15,7,47,0.511,0.488,217.77,5,5,2,0,2,1,1,4,0,1,9,4,2
popsicle,popsicle,popsicle,NA,75,5.22,5.21,p,26.23,3.27,8,7,3,471.52,26.41,0,15,14,5,36,0.292,0.345,776.85,18,20,2,1,1,0,0,4,0,1,7,5,1
porch,porch,porch,[pO:tS],38,4.51,4.61,p,95.98,4.56,5,3,1,2021.79,104.44,4,9,8,3,38,0.48,0.477,51.32,2,7,1,0,2,0,0,0,0,0,2,5,1
potato,potato,potato,[p@][teI][t@U],49,4.27,4.12,p,584.07,6.37,6,6,3,551.14,31.4,0,16,13,6,46,0.465,0.466,57.99,2,3,7,0,2,2,0,0,0,0,4,2,3
potato_chips,potato chip,chips,[p@][teI][t@U][tSIps],69,4.18,4.01,p,NA,NA,11,10,4,NA,135.89,0,14,13,4,31,0.283,0.289,598.09,15,19,2,0,1,0,0,3,0,2,6,5,1
potty,potty,potty,[pO][tI],75,5.28,5.21,p,13.61,2.61,5,4,2,591.39,35.14,4,11,10,5,50,0.438,0.407,27.64,1,2,6,0,1,0,0,0,0,0,1,3,1
present,present,present,[prE][zt],74,4.89,4.79,p,530.49,6.27,7,6,2,1212.33,474.3,1,8,7,7,100,1,1,0,0,0,1,0,2,0,0,0,0,0,2,4,1
pretzel,pretzel,pretzel,[prEt][s],61,4.98,4.83,p,52.96,3.97,7,6,2,641.93,102.73,0,13,10,2,20,0.238,0.248,254.05,7,16,1,0,2,1,0,3,0,3,9,0,3
pudding,pudding,pudding,[pU][dIN],43,4.95,4.99,p,81.9,4.41,7,5,2,3168.71,1866.56,2,12,10,1,10,0.172,0.184,566.17,14,31,1,0,0,0,0,5,0,3,8,1,2
pumpkin,pumpkin,pumpkin,[pVmp][kIn],30,4.64,4.47,p,149.98,5.01,7,7,2,273.24,11.03,0,12,10,5,50,0.51,0.546,86.38,2,4,3,0,3,1,0,0,0,0,4,3,2
puppy,puppy,puppy,[pV][pI],41,5.31,5.18,p,330.17,5.8,5,4,2,108.6,60.02,3,18,15,6,40,0.398,0.358,505.91,15,14,0,2,3,0,1,0,0,3,9,6,3
purse,purse,purse,[p3:s],39,4.17,4.1,p,336.57,5.82,5,3,1,1564.16,115.57,5,15,14,7,50,0.529,0.505,21.05,1,1,7,0,5,1,0,0,0,0,6,1,1
puzzle,puzzle,puzzle,[pV][z],44,4.15,4.12,p,96.43,4.57,6,4,2,990.15,13.44,2,11,8,7,88,0.819,0.815,0,0,0,1,0,2,0,0,0,0,0,2,5,3
radio,radio,radio,[reI][dI][@U],30,3.06,3.06,r,1440.2,7.27,5,5,3,250.4,87.85,2,17,17,16,94,0.863,0.874,0,0,0,8,0,4,0,1,0,0,0,5,4,0
rain,rain,rain,[reIn],57,4.76,4.8,r,514.75,6.24,4,3,1,1796.22,259.49,10,11,10,8,80,0.671,0.676,0,0,0,1,1,2,0,0,0,0,1,4,5,1
raisin,raisin,raisin,[reI][z],30,4.43,4.33,r,57.63,4.05,6,4,2,503.73,73.35,0,14,13,6,46,0.464,0.468,43.32,3,4,3,0,3,3,0,1,0,0,7,3,1
refrigerator,refrigerator,refrigerator,NA,56,4.39,4.47,r,125.33,4.83,12,11,5,NA,NA,0,13,12,5,42,0.476,0.467,144.56,3,5,6,0,3,0,0,0,0,1,4,2,1
rock,rock,rock (object),[rOk],44,4.57,4.58,r,1393.88,7.24,4,3,1,1108.06,111.53,12,7,4,1,25,0.355,0.351,31.52,1,17,1,0,0,1,0,0,0,1,2,1,3
rocker,rocking chair,rocking chair,[rO][k@r*],56,4.46,4.4,r,25.68,3.25,6,5,2,2078.29,209.53,5,13,11,6,55,0.558,0.531,77.14,2,4,7,1,1,0,0,0,0,0,2,2,2
roof,roof,roof,[ru:f],76,3.5,3.39,r,320.44,5.77,4,3,1,1951.44,295.27,7,8,7,4,57,0.595,0.61,45.97,1,5,2,0,4,0,0,0,0,0,4,1,1
room,room,room,[ru:m],44,4.73,4.8,r,6056.93,8.71,4,3,1,3556.43,518.27,9,12,9,3,33,0.411,0.378,482.39,8,22,1,0,5,0,0,0,0,0,5,3,3
rooster,rooster,rooster,[ru:][st@r*],30,4.99,4.88,r,81.77,4.4,7,6,2,1208.94,147.77,1,18,14,5,36,0.354,0.356,705.76,14,15,2,0,6,2,1,0,0,0,9,3,4
salt,salt,salt,[sO:lt],39,2.96,3.25,s,293.36,5.68,4,4,1,2239.21,71.48,4,13,10,8,80,0.836,0.849,0,0,0,2,0,1,1,0,0,0,0,2,6,3
sandbox,sandbox,sandbox,[s&nd][bOks],44,5.37,5.54,s,12.37,2.52,7,8,2,240.05,27.92,0,10,9,4,44,0.4,0.41,163.59,5,14,2,0,2,0,0,0,0,0,2,5,1
sandwich,sandwich,sandwich,[s&n][wIdZ],45,4.75,4.62,s,339.34,5.83,8,6,2,237.66,37.28,0,10,9,6,67,0.553,0.604,94.3,1,3,1,0,7,0,0,0,0,0,7,1,1
sauce,sauce,sauce,[sO:s],47,4.39,4.47,s,279.15,5.63,5,3,1,744.03,17.08,1,16,12,6,50,0.546,0.533,84.33,2,3,4,0,2,1,0,5,0,0,8,0,4
scarf,scarf,scarf,[skA:f],30,4.59,4.49,s,69.87,4.25,5,4,1,768.79,48.13,3,12,11,0,0,0.153,0.151,859.2,15,27,3,0,2,2,0,0,0,1,5,3,1
school,school,school,[sku:l],45,4.53,4.51,s,3773.69,8.24,6,4,1,484.49,410.76,0,10,9,9,100,0.944,0.966,0,0,0,3,0,3,0,0,0,0,0,3,3,1
scissors,scissors,scissors,[sI][z@z],30,4.08,4.12,s,72.73,4.29,8,5,2,248.8,26.81,0,10,9,4,44,0.411,0.42,89.82,3,8,2,0,5,0,0,0,0,1,6,1,1
sheep,sheep,sheep,[Si:p],30,4.34,4.39,S,304.57,5.72,5,3,1,2981.34,176.2,6,21,18,9,50,0.474,0.467,463.59,13,8,4,2,3,2,1,0,0,1,9,5,3
shirt,shirt,shirt,[S3:t],30,4.23,4.2,S,1077.27,6.98,5,3,1,2539.93,149.77,4,18,16,7,44,0.533,0.555,1036.05,21,18,6,0,8,1,0,0,0,0,9,1,2
shoes,shoe,shoe,[Su:z],44,4.22,4.12,S,2818.59,7.94,5,3,1,1898.45,273.39,5,16,15,5,33,0.363,0.367,1121.03,23,22,3,0,6,1,0,0,0,1,8,4,1
shorts,shorts,shorts,[SO:ts],43,5.04,4.94,S,101.67,4.62,6,4,1,1076.9,354.7,7,7,6,2,33,0.42,0.393,15.05,1,7,0,0,2,1,0,0,0,1,4,2,1
shoulder,shoulder,shoulder,[S@Ul][d@r*],56,4.19,4.27,S,199.1,5.29,8,6,2,621.65,148.54,0,5,3,1,33,0.27,0.308,49.22,1,33,0,0,3,0,0,0,0,0,3,0,2
shovel,shovel,shovel,[SV][v],30,3.9,3.91,S,119.65,4.78,6,4,2,993.06,349.25,2,15,14,12,86,0.793,0.783,18.48,1,1,7,0,6,0,0,0,0,0,6,1,1
shower,shower,shower,[SaU][@r*],80,4.93,4.93,S,459.21,6.13,6,4,2,2276.76,433.45,2,10,10,2,20,0.28,0.279,479.46,13,29,3,0,1,0,0,0,0,2,3,4,0
sidewalk,sidewalk,sidewalk,[saId][wO:k],43,4.14,4.16,s,78.58,4.36,8,6,2,98.6,19.74,0,12,11,8,73,0.682,0.708,0,0,0,4,0,3,1,0,0,0,1,5,2,1
sink,sink,sink,[sINk],42,4.4,4.4,s,216.34,5.38,4,4,1,1258.31,87.57,13,13,13,5,38,0.424,0.467,657.45,15,19,5,0,6,0,0,0,0,0,6,2,0
sister,sister,sister,[sI][st@r*],103,4.97,4.66,s,1806.12,7.5,6,6,2,2519.27,623.06,2,8,3,2,67,0.375,0.293,0,0,0,0,0,0,0,0,0,0,0,0,3,5
sky,sky,sky,[skaI],38,4.97,4.97,s,736.99,6.6,3,3,1,80.22,NA,6,13,13,10,77,0.738,0.78,37.7,1,1,0,0,6,2,0,0,0,0,8,5,0
sled,sled,sled,[slEd],30,4.46,4.46,s,3.07,1.12,4,4,1,550.33,11.54,9,12,12,5,42,0.443,0.438,70.63,2,3,4,1,3,1,0,0,0,0,5,3,0
slide,slide (object),slide (object),[slaId],73,5.15,5.14,s,92.91,4.53,5,4,1,313.72,74.09,4,11,10,3,30,0.226,0.205,165.32,5,11,2,1,3,0,0,0,0,1,5,3,1
slippers,slipper,slipper,[slI][p@z],44,5.34,5.28,s,136.33,4.92,8,6,2,370.17,163.1,3,11,10,4,40,0.374,0.354,192.82,4,9,3,0,0,1,0,0,0,3,4,3,1
sneaker,sneaker,sneaker,NA,40,4.06,4.04,s,91.46,4.52,7,6,2,862.05,23.02,2,16,14,6,43,0.46,0.46,645.81,10,11,5,0,5,1,0,0,0,1,7,2,2
snow,snow,snow,[sn@U],65,4.95,4.99,s,488.21,6.19,4,3,1,1152.49,741.86,6,15,14,10,71,0.593,0.587,0,0,0,4,1,3,1,0,0,0,1,6,4,1
snowman,snowman,snowman,[sn@U][m&n],53,5.1,5.11,s,38.01,3.64,7,6,2,243.19,23.46,1,18,17,10,59,0.571,0.568,57.13,1,1,0,1,7,1,0,0,0,1,10,7,1
snowsuit,snowsuit,snowsuit,[sn@U][su:t],74,4.51,4.39,s,1.41,0.34,8,6,2,72.27,4.14,0,11,10,4,40,0.544,0.54,496,11,24,6,0,0,0,0,0,0,0,0,4,1
soap,soap,soap,[s@Up],44,4.6,4.64,s,205.52,5.33,4,3,1,1209.04,24.69,6,12,10,4,40,0.527,0.535,302.39,7,16,4,0,2,0,0,0,2,0,4,2,2
socks,sock,sock,[sOks],39,4.81,4.81,s,488.34,6.19,5,4,1,600.43,90.11,9,11,11,3,27,0.375,0.384,662.92,13,24,4,0,2,2,0,0,0,0,4,3,0
soda/pop,soda/pop,soda,[s@U][d@],65,4.19,4.09,s,618.11,6.43,4,4,2,1126.92,8.89,3,14,11,3,27,0.282,0.295,508.33,14,25,0,0,0,0,0,3,0,0,3,8,3
sofa,sofa,sofa,[s@U][f@],30,4.49,4.47,s,142.43,4.96,4,4,2,1031.53,59.08,3,18,17,6,35,0.381,0.357,1242.76,25,18,5,0,6,0,0,0,0,2,8,4,1
soup,soup,soup,[su:p],72,4.48,4.39,s,361.29,5.89,4,3,1,1770.72,49.8,4,13,10,3,30,0.366,0.374,383.62,8,18,3,0,4,0,0,1,0,0,5,2,3
spaghetti,spaghetti,pasta,[sp@][gE][tI],48,4.59,4.55,s,71.32,4.27,9,7,3,92.4,18.82,0,11,7,3,43,0.443,0.439,0,0,0,1,0,5,0,0,1,0,0,6,0,4
spoon,spoon,spoon,[spu:n],30,4.27,4.3,s,188.03,5.24,5,4,1,567.62,74.23,4,19,18,11,61,0.511,0.51,41.33,2,1,7,0,7,1,0,0,0,0,8,3,1
sprinkler,sprinkler,sprinkler,NA,43,4.44,4.44,s,26.34,3.27,9,8,2,191.8,13.77,1,13,13,8,62,0.484,0.502,61.64,1,1,7,0,2,0,0,0,0,0,2,4,0
squirrel,squirrel,squirrel,[skI][r@l],30,5.11,5.23,s,147.04,4.99,8,6,2,419.05,34.58,0,18,16,5,31,0.283,0.304,585.14,17,14,0,5,6,2,0,0,0,0,13,3,2
stairs,stairs,stairs,[stE@z],55,4.46,4.46,s,218.75,5.39,6,4,1,835.28,232.38,1,8,8,6,75,0.484,0.495,0,0,0,2,2,4,0,0,0,0,0,6,0,0
star_(outside),star,star,[stA:r*],65,4.3,4.3,s,1475.03,7.3,4,4,1,729.04,134.46,7,11,11,9,82,0.776,0.764,28.72,1,2,0,0,3,0,0,0,0,0,3,8,0
stick,stick,stick,[stIk],44,4.21,4.13,s,443.92,6.1,5,4,1,2417.52,441.31,5,9,8,4,50,0.481,0.46,30.74,1,4,3,0,3,0,0,0,0,0,3,2,1
stone,stone,stone,[st@Un],30,4.63,4.84,s,614.22,6.42,5,4,1,1571.6,401.31,8,11,9,1,11,0.185,0.181,94.04,3,8,2,0,2,1,0,0,0,4,7,0,2
store,store,store,[stO:r*],53,4.38,4.25,s,1052.02,6.96,5,4,1,2425.62,357.87,13,11,9,8,89,0.796,0.832,0,0,0,4,0,2,0,0,0,0,0,2,3,2
story,story,story,[stO:][rI],55,3.75,4.16,s,2870.63,7.96,5,5,2,1558.94,383.39,4,10,6,5,83,0.722,0.713,0,0,0,1,0,0,0,0,0,0,0,0,5,4
stove,stove,stove,[st@Uv],43,4.09,4.16,s,126.69,4.84,5,4,1,1392.43,366.63,6,11,10,4,40,0.429,0.462,797.76,13,29,1,0,3,0,0,0,0,1,4,5,1
strawberry,strawberry,strawberry,[strO:][b@][rI],30,4.74,4.67,s,174.41,5.16,10,8,3,115.36,NA,0,17,16,8,50,0.502,0.496,323.1,7,6,5,0,2,2,0,2,0,2,8,3,1
street,street,street,[stri:t],105,4.07,3.99,s,2146.74,7.67,6,5,1,1200.74,463.4,0,11,9,9,100,0.889,0.871,0,0,0,3,0,5,0,0,0,0,0,5,1,2
stroller,stroller,stroller,NA,42,4.86,4.86,s,10.66,2.37,8,7,2,750.52,134.84,1,10,10,3,30,0.308,0.303,159.14,5,11,6,0,3,0,0,0,0,0,3,1,0
sun,sun,sun,[sVn],47,4.86,4.96,s,920.63,6.83,3,3,1,352.83,NA,14,12,11,5,45,0.389,0.359,57.15,1,2,1,0,3,1,0,0,0,1,5,5,1
sweater,sweater,sweater,[swE][t@r*],30,4.38,4.46,s,189.8,5.25,7,6,2,1285.57,294.48,2,11,9,1,11,0.21,0.229,1030.64,19,53,2,0,3,1,0,0,0,1,5,2,2
swing,swing (object),swing (object),[swIN],44,5.26,5.26,s,120.29,4.79,5,4,1,2528.18,1058.94,6,10,10,4,40,0.344,0.305,141.28,5,11,3,1,3,0,0,0,0,0,4,3,0
table,table,table,[teI][b],30,5,5.03,t,1399.49,7.24,5,4,2,820,229.24,4,11,10,2,20,0.289,0.28,147.52,2,4,1,0,6,0,0,0,0,0,6,3,1
tape_(scotch),tape,tape,[teIp],30,3.51,3.51,t,908.67,6.81,4,3,1,639.81,48.13,10,11,11,7,64,0.643,0.659,99.16,2,4,2,0,2,2,0,0,0,1,5,4,0
teacher,teacher,teacher,[ti:][tS@r*],44,3.78,3.95,t,654.58,6.48,7,5,2,1722.92,629.82,1,9,7,7,100,0.929,0.93,0,0,0,0,0,0,0,0,0,0,0,0,7,2
teddy_bear,teddybear,teddybear,[tE][dI][bE@r*],55,5.23,4.99,t,NA,NA,9,7,3,85.08,3.98,0,11,9,4,44,0.452,0.473,49.11,1,3,2,0,1,1,0,0,0,3,5,2,2
telephone,telephone,telephone,[tE][lI][f@Un],30,4.38,4.38,t,344.76,5.84,9,7,3,337.53,125.99,0,12,12,7,58,0.58,0.592,0,0,0,3,0,6,0,1,0,0,0,7,2,0
tiger,tiger,tiger,[taI][g@r*],30,4.66,4.83,t,594.82,6.39,5,5,2,2726.76,56.6,1,24,19,4,21,0.294,0.27,1686.59,42,25,1,0,8,2,1,0,0,0,11,7,5
tights,tights,tights,[taIts],121,4.81,4.66,t,20.16,3,6,4,1,549.42,222.88,6,7,6,3,50,0.543,0.533,0,0,0,3,0,0,1,0,0,0,1,2,1,1
tissue/kleenex,tissue/kleenex,tissue,[tI][Su:],75,4.99,4.99,t,198.81,5.29,6,4,2,312.3,37.07,0,13,13,6,46,0.465,0.476,38.01,2,3,7,0,2,1,0,0,0,1,4,2,0
toast,toast,toast,[t@Ust],78,5.06,5.04,t,307.56,5.73,5,4,1,1081.33,192.56,3,10,8,4,50,0.514,0.483,41.24,1,4,0,0,3,1,0,0,0,1,5,3,2
toe,toe,toe,[t@U],64,4.42,4.42,t,301.72,5.71,3,2,1,721.31,NA,17,11,11,5,45,0.496,0.504,275.5,7,13,1,2,7,0,0,0,0,0,9,1,0
tongue,tongue,tongue,[tVN],55,4.92,4.9,t,552.84,6.32,6,3,1,423.17,107.56,0,15,14,7,50,0.58,0.573,70.03,3,3,5,1,4,2,0,0,0,0,7,2,1
tooth,tooth,tooth,[tu:T],57,4.56,4.56,t,867.31,6.77,5,3,1,912.81,68.96,1,13,13,9,69,0.646,0.652,0,0,0,5,0,1,1,0,0,0,1,3,5,0
toothbrush,toothbrush,toothbrush,[tu:T][brVS],60,4.45,4.63,t,63.82,4.16,10,7,2,39.96,NA,0,11,10,6,60,0.609,0.6,23.25,1,2,5,0,2,0,0,0,0,1,3,2,1
towel,towel,towel,[taU][@l],55,4.79,4.78,t,330.23,5.8,5,4,2,639.29,221.01,4,13,12,4,33,0.376,0.362,58.3,2,3,5,0,2,1,0,0,0,2,5,2,1
toy,toy (object),toy (object),[tOI],30,5.2,5.04,t,250.48,5.52,3,2,1,842.51,NA,15,8,7,3,43,0.499,0.507,127.9,3,14,5,0,0,0,0,0,0,0,0,2,1
tractor,tractor,tractor,[tr&k][t@r*],77,4.28,4.49,t,98.54,4.59,7,7,2,375.99,104.16,1,13,9,5,56,0.54,0.539,28.67,1,3,4,0,2,1,0,0,0,0,3,2,4
train,train,train,[treIn],30,4.18,4.18,t,1384.66,7.23,5,4,1,1247.27,546.95,6,15,15,8,53,0.56,0.545,595.12,12,11,4,1,5,0,1,0,0,0,7,4,0
trash,trash,trash,[tr&S],59,4.62,4.65,t,241.1,5.49,5,4,1,946.53,192.49,2,12,10,6,60,0.418,0.421,70.97,2,4,0,3,2,0,0,0,2,0,7,3,2
tray,tray,tray,[treI],30,4.18,4.18,t,125.16,4.83,4,3,1,545.19,42.53,7,12,12,3,25,0.366,0.374,362.33,13,20,5,0,6,0,0,0,0,0,6,1,0
tree,tree,tree,[tri:],40,4.41,4.35,t,1665.69,7.42,4,3,1,424.04,177.62,4,16,14,9,64,0.588,0.605,130.92,3,3,3,0,7,1,0,0,0,0,8,3,2
tricycle,tricycle,tricycle,[traI][sI][k],30,5,5,t,9.79,2.28,8,7,3,284.22,11.25,0,17,15,4,27,0.29,0.284,660.99,13,12,4,1,7,1,0,0,0,0,9,2,2
truck,truck,truck,[trVk],72,4.56,4.52,t,1347.23,7.21,5,4,1,756.54,128.98,4,10,9,3,33,0.387,0.389,454.16,10,28,2,0,5,0,0,0,0,0,5,2,1
tummy,tummy,tummy,[tV][mI],59,4.88,4.67,t,43.4,3.77,5,4,2,162.68,30.64,4,11,8,5,62,0.719,0.726,19.02,1,4,1,0,5,0,0,0,0,0,5,2,3
tuna,tuna,tuna,[tu:][n@],30,4.8,4.78,t,121.53,4.8,4,4,2,205.32,9.52,1,14,13,2,15,0.256,0.231,743.23,13,17,4,1,3,0,0,1,1,0,6,3,1
turkey,turkey,turkey,[t3:][kI],30,4.44,4.4,t,466.84,6.15,6,4,2,906.68,215.65,0,18,15,6,40,0.471,0.455,432.01,14,13,3,1,3,0,1,0,0,0,5,7,3
turtle,turtle,turtle,[t3:][t],30,4.91,4.96,t,392.36,5.97,6,4,2,1559.43,462.24,1,18,14,5,36,0.323,0.334,354.27,7,8,0,4,5,1,0,0,0,1,11,3,4
TV,tv,tv,[ti:][vi:],82,4.36,4.36,t,1099.5,7,2,4,2,NA,NA,3,10,10,7,70,0.695,0.687,0,0,0,4,0,3,0,0,0,0,0,3,3,0
uncle,uncle,uncle,[VN][k],38,4.55,4.59,V,821.84,6.71,5,4,2,829.97,68.43,0,6,2,0,0,0.196,0.172,17.44,1,100,0,0,0,0,0,0,0,0,0,2,4
underpants,underpants,underpants,[Vn][d@][p&nts],44,3.81,4.02,V,41.59,3.73,10,9,3,532.29,NA,0,13,8,2,25,0.371,0.348,97.75,3,11,4,0,2,1,0,0,0,0,3,1,5
vacuum,vacuum,vacuum,[v&][kjU@m],63,4.34,4.34,v,46.07,3.83,6,6,2,169.11,17.56,0,8,8,4,50,0.438,0.465,41.39,2,7,4,0,3,0,1,0,0,0,4,0,0
vagina,vagina*,vagina,[v@][dZaI][n@],54,2.49,2.19,v,53.75,3.98,6,6,3,979.43,38.94,0,9,7,6,86,0.905,0.902,0,0,0,4,0,1,0,0,0,0,1,2,1,2
vanilla,vanilla,vanilla,[v@][nI][l@],46,4.2,4.9,v,38.97,3.66,7,6,3,306.19,5.25,0,9,5,0,0,0.135,0.127,74.94,3,30,2,0,0,1,0,2,0,0,3,0,4
vitamins,vitamins,vitamins,[vI][t@][mInz],96,2.87,3.06,v,47.18,3.85,8,8,3,994.79,77.27,0,7,6,4,67,0.537,0.482,0,0,0,0,0,1,0,0,0,0,0,1,5,1
walker,walker,walker,[wO:][k@r*],42,4.18,4.18,w,88.83,4.49,6,5,2,2241.31,221.34,2,5,5,2,40,0.351,0.402,0,0,0,3,0,2,0,0,0,0,0,2,0,0
washing_machine,washing machine,washing machine,[wO][SIN][m@][Si:n],63,4.35,4.35,w,NA,NA,14,10,4,NA,NA,0,10,10,4,40,0.447,0.437,274.86,6,13,3,2,0,0,1,0,0,0,3,4,0
watch,watch (object),watch (object),[wOtS],103,3.58,4.07,w,525.39,6.26,5,3,1,1805.08,388.2,7,9,7,5,71,0.595,0.557,137.86,1,5,2,0,5,0,0,0,0,0,5,0,2
water_(a_drink),water (beverage),water (beverage),[wO:][t@r*],33,4.33,4.23,w,4059.97,8.31,5,5,2,3267.72,1279.95,7,16,15,7,47,0.452,0.456,457.88,8,8,5,0,2,1,0,1,0,1,5,5,1
water_(found_outdoors),water (not beverage),water (not beverage),[wO:][t@r*],33,4.77,4.86,w,3552.47,8.18,5,5,2,3267.72,1279.95,7,14,8,4,50,0.557,0.528,0,0,0,4,0,2,0,0,0,0,0,2,2,6
wind,wind,wind,[waInd],59,4.06,3.98,w,447.56,6.1,4,4,1,5035.26,834.85,12,8,7,5,71,0.75,0.749,0,0,0,0,2,0,0,0,0,0,1,3,4,1
window,window,window,[wIn][d@U],41,3.77,3.77,w,1781.7,7.49,6,5,2,608.8,187.23,0,15,15,8,53,0.537,0.547,200.2,5,5,5,0,6,2,0,0,0,0,8,2,0
wolf,wolf,wolf,[wUlf],60,4.36,4.28,w,442.27,6.09,4,4,1,1044.35,21.95,2,16,13,7,54,0.583,0.567,64.55,1,1,0,0,2,1,2,0,0,1,6,7,3
woods,woods,woods,[wUdz],41,4.7,4.76,w,607.23,6.41,5,4,1,1982.53,104.16,6,10,9,3,33,0.452,0.441,263.03,4,11,1,0,4,1,0,0,0,0,5,3,1
work,work (place),work (place),[w3:k],60,3.09,3.08,w,3536.07,8.17,4,3,1,2429.8,1010.03,8,9,7,6,86,0.833,0.83,0,0,0,1,0,0,0,0,0,0,0,0,6,2
yard,yard,yard,[jA:d],41,4.98,4.93,j,696.85,6.55,4,3,1,994.2,205.9,7,16,14,5,36,0.363,0.327,681.35,19,21,2,0,5,1,0,0,0,0,6,6,2
yogurt,yogurt,yogurt,NA,40,4.35,4.41,j,31.67,3.46,6,6,2,320.32,31.65,0,15,11,4,36,0.314,0.327,439.74,13,24,0,0,0,0,0,2,0,1,3,8,4
zebra,zebra,zebra,[zE][br@],30,4.52,4.52,z,52.21,3.96,5,5,2,44.75,2.44,0,16,13,3,23,0.347,0.352,750.89,19,24,2,2,5,2,0,0,0,0,9,2,3
zipper,zipper,zipper,[zI][p@r*],43,4.63,4.63,z,32.44,3.48,6,5,2,1576.55,127.51,3,9,9,5,56,0.393,0.367,22.85,1,3,1,2,3,0,0,0,0,0,5,3,0
zoo,zoo,zoo,[zu:],74,5.04,5.04,z,187.86,5.24,3,2,1,538.75,NA,7,12,12,9,75,0.658,0.629,0,0,0,1,0,1,0,0,0,1,0,2,9,0
