Concept,definition,uni_lemma,Num_Func,Num_Vis_Mot,Num_VisFandS,Num_Vis_Col,Num_Sound,Num_Taste,Num_Smell,Num_Tact,Num_Percep,Num_Ency,Num_Tax,LemmaID,Sign,bglm_aoa_ASL,empirical_aoa_ASL,category,lexical_category,aoa,DF_aoa,CHILDES.count,CHILDES.freq.pm,CHILDES.ln_freq.pm,SignFrequency(Z)
airplane,airplane,airplane,3,3,5,0,0,0,0,0,8,2,0,airplane,AIRPLANE,26,23,vehicles,nouns,19.73514473,19,463,201.81080520331895,5.307330650605593,0.379
alligator,alligator,alligator,1,2,7,1,0,0,0,0,10,6,3,crocodile,CROCODILE,26,23,animals,nouns,24.81540309,25,155,67.56085271385408,4.213028713438605,-0.924
animal,animal,animal,0,1,2,0,0,0,0,0,3,2,5,animal,ANIMAL,29,19,animals,nouns,23.80777221,23,1009,439.7993573437339,6.086318616872967,0.476
apple,apple,apple,2,0,4,3,0,3,0,2,12,3,2,apple,APPLE,25,14,food_drink,nouns,17.78681925,17,1004,437.6199749981257,6.081350896771033,0.898
arm,arm,arm,2,0,8,0,0,0,0,0,8,0,1,aunt,AUNT,33,14,body_parts,nouns,21.42179351,21,455,198.32379345034585,5.289901015470309,-0.346
aunt,aunt,aunt,0,0,0,0,0,0,0,0,0,4,5,aunt,AUNT,33,14,people,other,25.22528103,24,132,57.53569392405637,4.052405519105729,-0.346
baby,baby,baby,0,0,1,0,1,0,0,0,2,6,2,baby,BABY,22,14,people,other,15.2594829,16,5976,2604.797779470915,7.865110323332011,0.316
ball,ball,ball,5,2,2,1,0,0,0,0,5,1,6,ball,BALL,19,14,toys,nouns,11.59084126,16,3538,1542.1309477523594,7.340920471239089,0.227
balloon,balloon,balloon,2,2,4,2,2,0,0,1,11,5,0,balloon,BALLOON,27,19,toys,nouns,16.83756478,16,402,175.22234058689895,5.166055685138379,-0.545
balloon,balloon,balloon,2,2,4,2,2,0,0,1,11,5,0,balloon,BALLOON,27,19,toys,nouns,16.83756478,16,402,175.22234058689895,5.166055685138379,-1.098
banana,banana,banana,3,0,3,2,0,1,0,1,7,3,1,banana,BANANA,25,15,food_drink,nouns,15.69715301,17,566,246.7060815228478,5.508197674722541,-0.059
basement,basement,basement,1,0,7,0,0,0,1,2,10,5,0,basement,BASEMENT,47,35,furniture_rooms,nouns,32.56975691,NA,38,16.563305826622287,2.807189756245744,-0.95
bat_(baseball),bat,bat,4,0,3,0,0,0,0,1,4,0,0,bat_1,BAT,36,33,toys,nouns,25.29444107,25,109,47.51053513425867,3.8609514787485018,-1.03
bathroom,bathroom,bathroom,6,0,7,0,0,0,0,0,7,1,0,bathroom,BATHROOM,27,28,furniture_rooms,nouns,23.01979016,22,213,92.84168792290914,4.530895762228783,1.144
beach,beach,beach,3,0,3,0,0,0,0,0,3,8,0,beach,BEACH,41,39,places,other,26.17495682,23,281,122.4812878231806,4.807958265853104,-0.223
beads,beads,beads,5,0,7,2,0,0,0,0,9,1,0,bath,BATH,22,15,clothing,nouns,28.72795041,NA,179,78.02188797277341,4.356989402360114,0.161
beans,beans,beans,3,0,2,3,0,0,0,0,5,4,3,beans,~BEAN,50,23,food_drink,nouns,24.03866366,23,291,126.840052514397,4.842926863690851,-0.832
bear,bear,bear,1,1,7,3,0,0,0,0,11,5,2,bear,BEAR,26,15,animals,nouns,18.58684075,19,2095,913.161202809834,6.816912428875597,-0.577
bed,bed,bed,2,0,5,0,0,0,0,3,8,6,1,bed,BED,23,16,furniture_rooms,nouns,20.23767326,20,1371,597.5866391657673,6.392899276081673,1.121
bedroom,bedroom,bedroom,2,0,6,0,0,0,0,0,6,1,1,bedroom,BEDROOM,39,28,furniture_rooms,nouns,24.7122869,25,138,60.1509527387862,4.096857281676563,0.176
bee,bee,bee,0,3,3,2,1,0,0,0,9,4,1,bee,BEE,30,31,animals,nouns,20.59624895,20,230,100.251587897977,4.607682905442553,-0.427
belt,belt,belt,4,0,6,0,0,0,0,0,6,1,2,belt,BELT,41,23,clothing,nouns,25.45861645,23,67,29.203723431149825,3.3742962159103245,-1.032
bike,bicycle,bicycle,4,0,8,1,0,0,0,0,9,0,1,bicycle,BICYCLE,28,23,vehicles,nouns,21.18699052,19,226,98.50808202149044,4.590138595791644,0.56
bird,bird,bird,0,2,4,1,2,0,0,0,9,4,1,bird,BIRD,23,14,animals,nouns,16.51159259,16,1748,761.9120680246253,6.6358311527348395,0.602
blanket,blanket,blanket,3,0,3,1,0,0,0,1,5,2,1,blanket,BLANKET,29,19,household,nouns,20.02455527,19,435,189.60626406791303,5.244949627608042,0.219
boat,boat,boat,5,1,5,0,0,0,0,0,6,2,1,boat,BOAT,25,15,vehicles,nouns,20.18756804,18,517,225.34813453588745,5.417646471027788,-0.248
book,book,book,2,0,8,0,0,0,0,0,8,4,2,book,BOOK,21,15,toys,nouns,15.428174629999999,16,5315,2316.6834333815123,7.747891887295407,1.408
boots,boots,boots,8,0,7,2,0,0,0,0,9,2,2,boots,BOOTS,31,28,clothing,nouns,22.06202107,22,237,103.30272318182848,4.637663737654489,-0.829
bottle,bottle,bottle,5,0,5,2,0,0,0,0,7,2,1,bottle,BOTTLE,40,31,household,nouns,18.2451135,16,692,301.6265166321743,5.709189552137028,-0.184
bowl,bowl,bowl,7,0,4,1,0,0,0,0,5,2,0,bowl,BOWL,32,28,household,nouns,22.11911531,21,446,194.40090522825108,5.269922548539422,0.352
box,box,box,2,0,10,1,0,0,0,0,11,0,1,box,BOX,32,23,household,nouns,21.74187804,22,2360,1028.6684671270684,6.936020494539014,0.283
boy,boy,boy,0,1,3,0,0,0,0,0,4,4,2,boy,BOY,32,23,people,other,22.73642148,20,2541,1107.5621080380852,7.009916579839523,0.949
bread,bread,bread,5,0,1,2,0,0,0,1,4,5,2,bread,BREAD,31,23,food_drink,nouns,21.17000405,21,334,145.5827406866275,4.980744589496059,0.755
brother,brother,brother,0,0,0,0,0,0,0,0,0,3,6,brother,BROTHER,40,19,people,other,26.65701942,28,189,82.3806526639898,4.411350611579,0.533
brush,brush,brush (object),6,0,4,0,0,0,0,0,4,2,0,brush,BRUSH,29,16,household,nouns,21.44336272,22,355,154.7361465381819,5.041721385994774,-0.179
bubble,bubbles,bubbles,2,1,2,0,1,0,0,0,4,5,0,bubbles,BALLOON,32,19,toys,nouns,17.75470999,18,515,224.47638159764415,5.413770497183094,-0.545
bubble,bubbles,bubbles,2,1,2,0,1,0,0,0,4,5,0,bubbles,BALLOON,32,19,toys,nouns,17.75470999,18,515,224.47638159764415,5.413770497183094,-1.098
bug,bug,bug,0,2,4,0,0,0,0,0,6,3,1,bug,BUG,28,19,animals,nouns,20.95382291,19,409,178.27347587075042,5.18331875256216,-0.149
bunny,bunny,bunny,0,2,5,2,0,0,0,3,12,2,4,rabbit,RABBIT-EARS,30,28,animals,nouns,20.0411862,19,1305,568.8187922037391,6.343561916276152,-0.947
butter,butter,butter,6,0,1,1,0,3,0,1,6,6,1,butter,BUTTER,30,26,food_drink,nouns,23.90870261,22,352,153.42851713081697,5.0332347721174555,0.541
butterfly,butterfly,butterfly,0,2,3,2,0,0,0,0,7,6,2,butterfly,BUTTERFLY,27,23,animals,nouns,22.54512234,23,351,152.99264066169533,5.030389819985224,-0.137
button,button,button,1,0,7,1,0,0,0,0,8,3,0,buttons,BUTTON,40,28,clothing,nouns,21.78850695,20,804,350.4446811737979,5.859202865698324,-0.677
cake,cake,cake,3,0,0,0,0,3,0,0,3,8,3,cake,CAKE,29,28,food_drink,nouns,21.63313802,22,468,203.9901875489271,5.318071892437005,-0.455
camera,camera,camera,2,0,4,0,0,0,0,0,4,5,1,camera,CAMERA,31,24,household,nouns,24.94613371,25,576,251.06484621406415,5.525711257215249,0.103
camping,camping,camping,0,0,0,0,0,0,0,0,0,10,0,camping,CAMPING,36,34,places,other,31.16263019,NA,12,5.23051762945967,1.6545102463073589,0.186
can,can (object),can (object),5,0,4,0,0,0,0,0,4,1,1,can,CAN,35,28,household,nouns,26.71063666,27,461,200.93905226507567,5.303001639516007,1.067
candy,candy,candy,2,0,0,1,0,5,0,3,9,3,0,candy_1,CANDY_1,28,22,food_drink,nouns,22.00849813,22,162,70.61198799770554,4.257199931751742,0.261
car,car,car,1,1,7,1,0,0,0,0,9,5,2,car,CAR,24,14,vehicles,nouns,16.93378021,16,3357,1463.2373068413428,7.288406593499393,1.361
carrot,carrots,carrots,4,0,4,2,0,0,0,1,7,5,2,carrot,CARROT,34,28,food_drink,nouns,23.27305918,23,391,170.4276994265609,5.138311156504725,-0.291
cat,cat,cat,0,2,8,0,2,0,0,0,12,3,5,cat,CAT,24,14,animals,nouns,17.27125582,18,1268,552.6913628462386,6.31479973151653,0.597
cereal,cereal,cereal,1,0,1,0,0,2,0,2,5,10,2,cereal,CEREAL,28,22,food_drink,nouns,21.55702474,22,395,172.1712053030475,5.14848936142048,0.472
chair,chair,chair,3,0,7,0,0,0,0,2,9,3,1,chair,CHAIR,26,23,furniture_rooms,nouns,20.32574972,19,2033,886.1368617242924,6.786871410147705,0.858
cheese,cheese,cheese,5,0,0,3,0,2,1,2,8,2,4,cheese,CHEESE,27,14,food_drink,nouns,17.66447363,17,689,300.31888722480943,5.7048448675330174,0.963
child,child,child,0,1,1,0,0,0,0,0,2,7,6,children,CHILDREN,40,23,people,other,31.01239879,NA,899,391.8529457403536,5.970886630990979,0.654
chocolate,chocolate,chocolate,0,1,0,1,0,3,0,0,5,2,5,chocolate,CHOCOLATE,29,22,food_drink,nouns,24.42716476,26,284,123.78891723054554,4.818577834680564,0.795
church,church*,church,2,0,2,0,0,0,0,0,2,7,2,church,CHURCH,46,28,places,other,26.47988803,26,39,16.99918229574393,2.8331652426490046,-0.662
clown,clown,clown,2,0,7,1,0,0,0,0,8,4,0,clown,CLOWN,39,34,people,other,26.43701835,23,405,176.5299699942639,5.1734906636258975,-0.692
coffee,coffee,coffee,3,0,1,2,0,1,1,0,5,6,3,coffee,COFFEE,29,23,food_drink,nouns,24.36227292,22,631,275.0380520157543,5.6169094590605715,1.236
comb,comb,comb (object),4,0,5,1,0,0,0,0,6,2,0,comb,COMB,32,19,household,nouns,24.30029974,23,179,78.02188797277341,4.356989402360114,-0.724
cookie,cookie,cookie,1,0,3,0,0,3,0,0,6,2,4,cookie,COOKIE,23,18,food_drink,nouns,17.583781,16,744,324.2920930264995,5.78164463135245,0.207
corn,corn,corn,3,0,5,1,0,1,0,0,7,2,1,corn_1,CORN_1,38,28,food_drink,nouns,23.45077759,23,180,78.45776444189505,4.362560447409568,0.187
country,country,country,1,0,2,0,0,0,0,0,2,5,2,country,COUNTRY,59,31,places,other,33.46246617,NA,57,24.844958739933432,3.212654864353909,-0.231
cow,cow,cow,3,4,5,3,1,0,1,0,14,3,2,cow,COW,26,26,animals,nouns,19.44727505,19,1141,497.3350512677903,6.209263946381434,-0.167
cracker,cracker,cracker,2,0,3,0,0,2,0,1,6,2,2,cracker,CRACKER,24,15,food_drink,nouns,18.61589503,17,266,115.943140786356,4.753099905301057,-0.334
daddy,daddy*,daddy,0,0,0,0,0,0,0,0,0,8,5,father,FATHER,20,14,people,other,10.190506289,16,5904,2573.414673694158,7.852988962799667,1.081
diaper,diaper,diaper,3,0,3,1,0,0,1,0,5,2,0,diaper,DIAPER,26,15,clothing,nouns,18.90023005,19,718,312.95930482933693,5.746073165567583,-0.241
doctor,doctor,doctor,1,0,1,0,0,0,0,0,1,8,1,doctor,DOCTOR,36,28,people,other,24.15870774,23,252,109.84087021865308,4.699032684030781,0.059
dog,dog,dog,1,2,6,0,1,0,0,1,10,3,4,dog,DOG,25,14,animals,nouns,13.0174018,16,1628,709.6068917300286,6.564711143081844,1.189
doll,doll,doll,4,0,4,0,0,0,0,0,4,2,3,doll,DOLL,31,23,toys,nouns,21.49325513,20,561,244.52669917723955,5.499324502042055,-0.581
door,door,door,6,0,7,0,0,0,0,0,7,0,0,door,DOOR,30,28,furniture_rooms,nouns,19.664695,19,1233,537.4356864269811,6.286809099683703,1.233
drawer_(the_furniture),drawer,drawer,5,0,2,0,0,0,0,0,2,1,0,drawer,DRAWER,37,27,furniture_rooms,nouns,26.73544663,26,151,65.81734683736751,4.186883433334282,-0.974
dress,dress (object),dress (object),2,0,2,1,0,0,0,0,3,4,1,dress,DRESS,32,28,clothing,nouns,24.87809734,23,335,146.01861715574913,4.983734128344425,0.375
drink,drink (beverage),drink (beverage),3,0,2,0,0,0,0,1,3,4,6,drink,DRINK,21,14,food_drink,nouns,20.69680473,21,378,164.7613053279796,5.104497792138946,1.068
duck,duck,duck,2,4,6,0,1,0,0,0,11,4,3,duck,DUCK,25,16,animals,nouns,16.44313951,16,1622,706.9916329152987,6.561018831194716,-0.454
ear,ear,ear,3,0,7,0,0,0,0,0,7,2,1,ear,EAR,27,16,body_parts,nouns,17.66627563,17,594,258.91062265825366,5.556482915882003,-0.797
egg,egg,egg,4,0,3,3,0,0,0,0,6,7,1,egg,EGG,28,23,food_drink,nouns,21.59203724,21,1120,488.1816454162359,6.190687560808499,0.772
elephant,elephant,elephant,2,1,6,1,0,0,0,1,9,3,2,elephant,ELEPHANT,26,18,animals,nouns,22.14596716,22,757,329.95848712508086,5.798966849956807,-0.319
eye,eye,eye,1,0,5,4,0,0,0,0,9,2,0,eyes,EYES,26,16,body_parts,nouns,16.66651257,16,1288,561.4088922286712,6.330449503183657,0.307
face,face,face,2,1,9,0,0,0,0,0,10,2,0,face,FACE,29,26,body_parts,nouns,23.21965714,23,891,388.3659339873805,5.961948023990168,0.454
farm,farm,farm,3,0,3,0,0,0,0,0,3,9,0,farm,FARM,36,34,places,other,27.33528641,27,271,118.1225231319642,4.771722417399059,-0.635
fireman,fireman,firefighter,0,0,2,0,0,0,0,0,2,12,0,fireman,FIREFIGHTER,32,14,people,other,27.18950284,27,89,38.79300575182589,3.6582399662514984,-0.559
fish_(the_animal),fish (animal),fish (animal),1,1,3,1,0,0,0,0,5,6,1,fish,FISH,25,15,animals,nouns,18.44068124,18,824,359.16221055623066,5.88377412642883,0.305
flag,flag,flag,0,1,5,4,0,0,0,0,10,3,1,flag,FLAG,33,28,outside,nouns,25.74157049,26,48,20.92207051783868,3.0408046074272495,-0.62
flower,flower,flower,2,0,3,2,0,0,2,0,7,10,3,flower,FLOWER,26,14,outside,nouns,20.00169167,19,824,359.16221055623066,5.88377412642883,0.494
fork,fork,fork,1,0,8,0,0,0,0,1,9,3,1,fork,FORK,29,26,household,nouns,21.5083592,21,140,61.022705677029485,4.111246019128663,0.237
french_fries,french fries,french fries,3,0,1,0,0,3,0,2,6,5,2,frenchfries,FRENCH-FRIES,31,22,food_drink,nouns,22.37999073,21,1,0.4358764691216392,-0.8303964034806417,0.325
friend,friend,friend,1,0,0,0,0,0,0,0,0,7,3,friend,FRIEND,30,28,people,other,26.12774197,27,710,309.4722930763638,5.734868566554719,1.324
frog,frog,frog,0,5,3,1,1,0,0,0,10,4,2,frog,FROG,27,28,animals,nouns,21.59177996,22,479,208.78482870926516,5.341304193930274,-0.802
game,game,game,1,0,0,0,0,0,0,0,0,6,4,game,GAME,33,23,toys,nouns,25.5294148,27,406,176.9658464633855,5.175956756121091,0.933
garbage,garbage,garbage,0,3,1,0,0,0,2,0,6,5,2,trash,TRASH,30,19,household,nouns,25.7297666,23,250,108.9691172804098,4.691064514381605,0.446
giraffe,giraffe,giraffe,0,1,5,3,0,0,0,0,9,3,2,giraffe,GIRAFFE,29,28,animals,nouns,23.71163734,26,233,101.55921730534192,4.620642050085059,-0.749
girl,girl,girl,0,1,1,0,0,0,0,0,2,4,5,girl,GIRL,30,22,people,other,23.45264539,22,1911,832.9599324914524,6.724985540759631,0.16
glass,glass,glass,3,1,0,3,0,0,0,1,5,3,0,glass_1,CUP,29,22,household,nouns,24.97289199,23,396,172.60708177216912,5.151017807773839,0.742
glasses,glasses,glasses,5,0,5,0,0,0,0,0,5,3,0,glasses,GLASSES,31,30,household,nouns,22.78042327,23,396,172.60708177216912,5.151017807773839,-0.555
gloves,gloves,gloves,5,0,4,0,0,0,0,0,4,3,2,gloves,GLOVES,30,28,clothing,nouns,26.64476116,28,100,43.58764691216391,3.7747737825074497,-0.521
grandma,grandma*,grandma,0,2,1,0,0,0,0,0,3,8,2,grandfather,GRANDFATHER,26,14,people,other,17.19374519,18,461,200.93905226507567,5.303001639516007,-0.143
grandpa,grandpa*,grandpa,0,0,1,0,0,0,0,0,1,5,2,grandmother,GRANDMOTHER,26,14,people,other,18.21394532,18,175,76.27838209628685,4.334389570442872,0.117
grape,grapes,grapes,5,0,2,3,0,3,0,0,8,3,1,grapes,GRAPES,28,23,food_drink,nouns,21.59049325,21,292,127.27592898351864,4.84635739878764,0.274
grass,grass,grass,1,0,2,1,0,0,0,1,4,6,1,grass,GRASS,30,15,outside,nouns,22.92264727,22,265,115.50726431723436,4.749333422505581,0.48
green_beans,green beans,green beans,2,0,1,1,0,0,0,0,2,6,2,beans,~BEAN,50,23,food_drink,nouns,26.90884095,30,1,0.4358764691216392,-0.8303964034806417,-0.832
gum,gum,gum,1,0,0,1,0,3,0,2,6,4,1,gum,GUM,41,35,food_drink,nouns,26.34792998,25,71,30.947229307636384,3.4322834735606738,0.422
hair,hair,hair,1,0,6,6,0,0,0,0,12,4,0,hair,HAIR,24,16,body_parts,nouns,19.25020954,19,1407,613.2781920541463,6.418818653633747,0.873
hamburger,hamburger,hamburger,2,0,9,0,0,1,0,0,10,2,3,hamburger,HAMBURGER,32,28,food_drink,nouns,24.30924369,23,133,57.971570393178006,4.059952724741112,0.232
hammer,hammer,hammer,5,0,7,0,1,0,0,1,9,1,1,hammer,HAMMER,31,16,household,nouns,25.23644733,23,306,133.3781995512216,4.893188698471739,-1.049
hand,hand,hand,4,0,8,0,0,0,0,0,8,0,1,hands,HANDS,37,32,body_parts,nouns,20.76285378,19,2202,959.7999850058494,6.866724913801984,0.341
head,head,head,0,0,10,0,0,0,0,0,10,1,1,head,HEAD,37,23,body_parts,nouns,21.08386805,21,1323,576.6645686479286,6.357260760634314,0.094
helicopter,helicopter,helicopter,3,2,3,0,1,0,0,0,6,1,0,helicopter,HELICOPTER,27,23,vehicles,nouns,24.42727061,25,95,41.40826456655572,3.723480488119899,-0.911
home,home,home,6,0,0,0,0,0,0,1,1,1,1,home,HOME,25,18,places,other,21.17518853,21,1150,501.257939489885,6.217120817876654,1.138
horse,horse,horse,5,2,6,0,0,0,0,0,8,5,1,horse,HORSE,25,14,animals,nouns,20.00326953,19,1023,445.9016279114369,6.100098362470985,-0.257
house,house,house,4,0,10,0,0,0,0,0,10,0,2,house,HOUSE,29,28,places,other,22.22968188,22,2335,1017.7715553990276,6.925370766622356,0.672
ice_cream,ice cream,ice cream,0,0,0,0,0,5,0,2,7,4,2,icecream,ICECREAM,24,14,food_drink,nouns,21.43298396,22,208,90.66230557730096,4.507141676220677,0.49
jacket,jacket,jacket,4,0,6,1,0,0,0,1,8,2,1,jacket,JACKET,29,19,clothing,nouns,23.32266643,23,134,58.40744686229965,4.06744339647027,-0.106
jelly,jelly,jelly,2,0,0,0,0,4,0,1,5,4,0,jelly,JELLY,41,27,food_drink,nouns,25.84604098,25,121,52.741052763718336,3.965394142116099,-1.056
key,keys,keys,7,0,4,1,1,0,0,0,6,2,0,key,KEY,29,28,household,nouns,20.71199867,17,335,146.01861715574913,4.983734128344425,0.086
kitchen,kitchen,kitchen,4,0,12,0,0,0,0,0,12,1,1,kitchen,KITCHEN,43,28,furniture_rooms,nouns,23.41508688,23,428,186.55512878406157,5.228726792101155,1.167
kitty,kitty,kitty,0,0,3,0,2,0,0,3,8,3,4,cat,CAT,24,14,animals,nouns,17.09833362,16,1413,615.8934508688761,6.423073979203886,0.597
knife,knife,knife,3,0,6,0,0,0,0,2,8,3,3,knife,KNIFE,35,26,household,nouns,24.57805121,23,118,51.43342335635342,3.940288220985023,-0.215
lamp,lamp,lamp,3,0,6,0,0,0,0,0,6,4,1,lamp,LAMP,25,14,household,nouns,27.19430538,28,48,20.92207051783868,3.0408046074272495,0.316
lawn_mower,lawn mower,lawn mower,4,0,3,0,1,0,0,0,4,1,1,lawnmower,LAWNMOWER,38,28,outside,nouns,26.28983009,23,15,6.538147036824587,1.8776537976215684,-0.956
lion,lion,lion,1,0,5,0,1,0,0,0,6,6,7,lion,LION,24,14,animals,nouns,22.43681334,23,563,245.39845211548288,5.5028832246590476,-0.33
lollipop,lollipop,lollipop,3,0,3,1,0,2,0,2,8,2,1,lollipop,LOLLIPOP,27,26,food_drink,nouns,26.73891841,27,73,31.818982245879656,3.4600630376677493,-0.518
man,man,man,0,0,2,0,0,0,0,0,2,4,2,man,MAN,31,23,people,other,24.76418293,22,1221,532.2051687975214,6.277029070630063,0.699
medicine,medicine,medicine,3,0,2,0,0,1,0,0,3,3,1,medicine,MEDICINE,34,28,household,nouns,23.70381663,23,214,93.27756439203078,4.53557961154121,0.338
melon,melon,melon,0,0,3,2,0,2,0,1,8,3,3,melon,PUMPKIN,26,20,food_drink,nouns,27.40429592,27,16,6.974023505946227,1.9421923187591397,-0.322
milk,milk,milk,3,0,1,1,0,1,0,0,3,4,2,milk,MILK,14,9,food_drink,nouns,17.64123586,19,1205,525.2311452915752,6.263838442444114,1.15
mommy,mommy*,mommy,0,0,0,0,0,0,0,0,0,7,3,mother,MOTHER,20,14,people,other,10.086349076,16,9596,4182.670597691249,8.338705220478943,1.232
money,money,money,1,0,2,1,0,0,0,0,3,3,3,money,MONEY,39,34,household,nouns,22.84704748,22,341,148.63387597047898,5.001486073802876,0.915
monkey,monkey,monkey,0,3,2,1,0,0,0,1,7,4,3,monkey,MONKEY,27,16,animals,nouns,20.96934574,21,750,326.90735184122934,5.789676803049715,-0.363
moon,moon,moon,0,0,4,1,0,0,0,0,5,8,1,moon,MOON,27,28,outside,nouns,20.28989383,21,452,197.0161640429809,5.2832857763515895,0.179
mop,mop,mop,3,0,3,0,0,0,0,0,3,3,0,mop,MOP,42,19,household,nouns,28.44982684,30,45,19.614441110473763,2.976266086289678,-0.145
motorcycle,motorcycle,motorcycle,2,1,6,0,1,0,0,0,8,4,1,motorcycle,MOTORCYCLE,30,16,vehicles,nouns,24.76355429,23,270,117.68664666284258,4.768025555517733,-0.228
mouse,mouse,mouse,2,2,5,2,1,0,0,0,10,5,2,mouse,MOUSE,27,16,animals,nouns,22.49370439,21,818,356.54695174150083,5.876465933122105,-0.321
mouth,mouth,mouth,6,0,6,0,0,0,0,0,6,1,0,mouth,MOUTH,27,16,body_parts,nouns,19.73968295,19,1233,537.4356864269811,6.286809099683703,-0.616
movies,movie,movie,1,0,0,0,0,0,0,0,0,9,2,movie,MOVIE,34,30,places,other,26.43939978,29,100,43.58764691216391,3.7747737825074497,0.683
napkin,napkin,napkin,5,0,3,2,0,0,0,1,6,3,0,napkin,NAPKIN,32,22,household,nouns,24.15536324,23,164,71.48374093594882,4.269470024343557,0.056
necklace,necklace,necklace,3,0,8,0,0,0,0,0,8,4,2,necklace,NECKLACE,36,28,clothing,nouns,25.05522804,24,102,44.459399850407195,3.7945764098036294,-0.426
nurse,nurse,nurse,1,0,1,0,0,0,0,0,1,5,1,nurse,NURSE,43,28,people,other,31.16947702,NA,130,56.66394098581309,4.037138046974941,-0.164
nuts,nuts,nuts,2,0,1,0,0,0,0,1,2,2,6,nut,NUT,35,26,food_drink,nouns,26.67861849,26,107,46.63878219601539,3.842432430981265,0.066
orange,orange (food),orange (food),2,0,3,1,0,2,0,1,7,2,2,orange,ORANGE,28,18,food_drink,nouns,22.25372528,22,554,241.47556389338808,5.486768283266642,0.605
outside,outside,outside,1,0,5,0,0,0,0,2,7,8,0,outside,OUTSIDE,25,15,places,other,19.51690062,19,31,13.512170542770814,2.603590801004505,0.634
owl,owl,owl,0,2,4,1,1,0,0,0,8,3,2,owl,OWL,29,18,animals,nouns,23.13649325,22,296,129.0194348600052,4.859963050843419,-0.806
pants,pants,pants,5,0,11,1,0,0,0,0,12,1,3,pants,PANTS-LEG,39,28,clothing,nouns,21.74379025,21,288,125.53242310703207,4.832564076655304,-0.185
paper,paper,paper,4,0,0,2,0,0,0,0,2,3,0,paper,PAPER,31,19,household,nouns,22.18409273,21,1336,582.33096274651,6.3670389506159495,1.297
party,party,party,0,0,3,0,2,0,0,0,5,3,4,party,PARTY,39,35,places,other,25.3846255,26,261,113.76375844074784,4.734124003842052,0.611
peanut_butter,peanut butter,peanut butter,3,0,1,1,0,1,0,5,8,2,0,peanut_butter,PEANUT-BUTTER,31,27,food_drink,nouns,24.03005852,23,127,55.35631157844817,4.01379068297795,0.095
pencil,pencil,pencil,4,0,7,1,0,0,0,0,8,3,1,pencil,PENCIL,34,28,toys,nouns,24.59542866,25,363,158.22315829115502,5.064006430784209,0.235
penny,penny,penny,2,0,7,0,0,0,0,0,7,2,2,penny,CENT,55,34,household,nouns,26.09981882,25,165,71.91961740507047,4.275549070419939,-0.719
people,people,people,0,0,1,0,1,0,0,0,2,2,3,people,PEOPLE,50,23,people,other,26.44488967,26,1259,548.7684746241438,6.307676630563706,0.865
person,person,person,0,0,0,0,0,0,0,0,0,2,2,person,PERSON,42,35,people,other,31.54978586,NA,1259,548.7684746241438,6.307676630563706,0.09
picture,picture,picture,1,0,1,1,0,0,0,0,2,4,2,picture,PICTURE,38,28,household,nouns,23.51323389,23,1962,855.1896324166561,6.751323236644667,1.302
pig,pig,pig,4,1,8,1,2,0,1,0,13,2,3,pig,PIG,28,28,animals,nouns,20.32578605,19,899,391.8529457403536,5.970886630990979,-0.014
plate,plate,plate,4,0,10,1,0,0,0,0,11,4,1,plate,PLATE,29,19,household,nouns,23.45700219,23,258,112.45612903338292,4.722563181440976,0.354
playground,playground,playground,2,0,7,0,0,0,0,0,7,4,0,playground,PLAYGROUND,34,28,places,other,27.08580541,29,119,51.86929982547506,3.948727089630887,-0.041
police,police,police,0,1,3,0,0,0,0,0,4,7,1,policeman,POLICE,37,23,people,other,27.89672926,27,102,44.459399850407195,3.7945764098036294,0.137
pony,pony,pony,3,2,9,0,0,0,0,0,11,1,3,horse,HORSE,25,14,animals,nouns,27.30214092,26,220,95.89282320676062,4.56323114287172,-0.257
potato,potato,potato,7,0,2,2,0,0,0,0,4,2,3,potato,POTATO,31,23,food_drink,nouns,24.66266224,25,177,77.15013503453014,4.345753329093188,0.435
present,present,present,1,0,2,0,0,0,0,0,2,4,1,gift,PRESENT,33,28,toys,nouns,24.66856983,23,251,109.40499374953144,4.695056535651142,0.452
puppy,puppy,puppy,0,2,3,0,1,0,0,3,9,6,3,dog,DOG,25,14,animals,nouns,20.26150237,19,771,336.0607576927838,5.817291970082688,1.189
puzzle,puzzle,puzzle,1,0,2,0,0,0,0,0,2,5,3,jigsaw_puzzle,JIGSAW-PUZZLE,34,32,toys,nouns,23.74597692,24,539,234.93741685656352,5.459319167428355,-0.885
radio,radio,radio,8,0,4,0,1,0,0,0,5,4,0,radio,RADIO,67,35,household,nouns,26.63880817,26,105,45.76702925777211,3.823563946676882,-0.741
rain,rain,rain,1,1,2,0,0,0,0,1,4,5,1,rain,RAIN,22,14,outside,nouns,21.67828998,20,214,93.27756439203078,4.53557961154121,0.917
rock,rock,rock (object),1,0,0,1,0,0,0,1,2,1,3,rock,ROCK,31,28,outside,nouns,21.54236439,21,264,115.07138784811274,4.745552699665675,-0.163
rooster,rooster,rooster,2,0,6,2,1,0,0,0,9,3,4,rooster,ROOSTER,35,14,animals,nouns,27.14415999,27,187,81.50889972574652,4.400712213373945,-0.7
salt,salt,salt,2,0,1,1,0,0,0,0,2,6,3,salt,SALT,39,31,food_drink,nouns,27.70051041,29,112,48.81816454162358,3.888102467814453,0.174
school,school,school,3,0,3,0,0,0,0,0,3,3,1,school,SCHOOL,27,28,places,other,23.11632525,23,889,387.4941810491373,5.9597008320332625,1.268
scissors,scissors,scissors,2,0,5,0,0,0,0,1,6,1,1,scissors,SCISSORS,30,23,household,nouns,25.12524339,25,117,50.997546887231785,3.9317775313171146,0.264
sheep,sheep,sheep,4,2,3,2,1,0,0,1,9,5,3,sheep,SHEEP,29,23,animals,nouns,22.94529748,23,457,199.1955463885891,5.294286987413563,-0.355
shoes,shoe,shoe,3,0,6,1,0,0,0,1,8,4,1,shoes,SHOES,23,14,clothing,nouns,15.37415951,16,1390,605.8682920790784,6.406662622644095,1.202
shorts,shorts,shorts,0,0,2,1,0,0,0,1,4,2,1,shorts,SHORTS,33,23,clothing,nouns,24.34499005,23,60,26.15258814729835,3.263948158741459,0.048
shoulder,shoulder,shoulder,0,0,3,0,0,0,0,0,3,0,2,shoulder,SHOULDER,46,23,body_parts,nouns,26.66886302,27,59,25.71671167817671,3.2471410404250776,-0.084
shovel,shovel,shovel,7,0,6,0,0,0,0,0,6,1,1,shovel,SHOVEL,44,34,outside,nouns,25.2876622,23,143,62.330335084394406,4.132448226779266,-0.453
shower,shower,shower,3,0,1,0,0,0,0,2,3,4,0,shower,SHOWER,29,23,furniture_rooms,nouns,23.46435811,22,168,73.22724681243538,4.2935675759226175,0.959
sister,sister,sister,0,0,0,0,0,0,0,0,0,3,5,sister,SISTER,42,34,people,other,26.74207224,28,352,153.42851713081697,5.0332347721174555,0.674
snow,snow,snow,4,1,3,1,0,0,0,1,6,4,1,snow,SNOW,28,15,outside,nouns,24.49821849,23,489,213.14359340048156,5.36196608599423,-0.482
soap,soap,soap,4,0,2,0,0,0,2,0,4,2,2,soap,SOAP,33,28,household,nouns,22.10108254,20,153,66.6890997756108,4.200041517911794,0.559
socks,sock,sock,4,0,2,2,0,0,0,0,4,3,0,socks,SOCKS,25,18,clothing,nouns,20.16573128,17,552,240.6038109551448,5.483151642796454,0.6
soda/pop,soda/pop,soda,0,0,0,0,0,3,0,0,3,8,3,soda,SODA,46,39,food_drink,nouns,25.713585,22,166,72.3554938741921,4.2815913848759015,0.13
soup,soup,soup,3,0,4,0,0,1,0,0,5,2,3,soup,SOUP,33,26,food_drink,nouns,24.39324029,23,265,115.50726431723436,4.749333422505581,0.28
spaghetti,spaghetti,pasta,1,0,5,0,0,1,0,0,6,0,4,spaghetti,SPAGHETTI,31,23,food_drink,nouns,21.70080941,23,103,44.89527631952883,3.804332584748994,-0.013
spoon,spoon,spoon,7,0,7,1,0,0,0,0,8,3,1,spoon,SPOON,30,22,household,nouns,19.58550418,19,818,356.54695174150083,5.876465933122105,-0.184
squirrel,squirrel,squirrel,0,5,6,2,0,0,0,0,13,3,2,squirrel,SQUIRREL,31,28,animals,nouns,24.47506461,26,189,82.3806526639898,4.411350611579,-0.918
stairs,stairs,stairs,2,2,4,0,0,0,0,0,6,0,0,stairs,STAIRS,29,23,furniture_rooms,nouns,24.41297366,22,241,105.04622905831503,4.6544005300100135,0.734
star_(outside),star,star,0,0,3,0,0,0,0,0,3,8,0,star,STAR,28,23,outside,nouns,21.99005286,24,441,192.2215228826429,5.258648471966205,0.577
story,story,story,1,0,0,0,0,0,0,0,0,5,4,story_1,STORY,38,35,toys,nouns,24.26462702,23,918,400.13459865366474,5.9918009871398485,0.225
strawberry,strawberry,strawberry,5,0,2,2,0,2,0,2,8,3,1,strawberry,STRAWBERRY,29,23,food_drink,nouns,23.62083452,23,224,97.63632908324716,4.581249648374398,-0.84
street,street,street,3,0,5,0,0,0,0,0,5,1,2,street,STREET,40,35,outside,nouns,24.94302444,25,220,95.89282320676062,4.56323114287172,0.682
sun,sun,sun,1,0,3,1,0,0,0,1,5,5,1,sun,SUN,27,28,outside,nouns,22.47848396,23,420,183.0681170310885,5.209858307796773,0.222
sweater,sweater,sweater,2,0,3,1,0,0,0,1,5,2,2,sweater,SWEATER,46,31,clothing,nouns,23.76501915,26,114,49.689917479866864,3.905802044913854,-0.294
table,table,table,1,0,6,0,0,0,0,0,6,3,1,table,TABLE,29,21,furniture_rooms,nouns,23.05535872,23,1202,523.9235158842102,6.261345711614511,1.056
tape_(scotch),tape,tape,2,0,2,2,0,0,0,1,5,4,0,tape,SCOTCH-TAPE,40,23,household,nouns,25.53115511,25,979,426.7230632700848,6.056135239049869,-0.676
teacher,teacher,teacher,0,0,0,0,0,0,0,0,0,7,2,teacher,TEACHER,37,28,people,other,27.61745268,29,98,42.71589397392064,3.75457107518993,1.219
telephone,telephone,telephone,3,0,6,0,1,0,0,0,7,2,0,telephone,TELEPHONE,26,18,household,nouns,20.67081039,20,387,168.68419355007435,5.12802828954914,0.887
tiger,tiger,tiger,1,0,8,2,1,0,0,0,11,7,5,tiger,TIGER,28,28,animals,nouns,23.33595979,23,283,123.3530407614239,4.8150504941625965,-0.452
tissue/kleenex,tissue/kleenex,tissue,7,0,2,1,0,0,0,1,4,2,0,tissue,TISSUE,32,19,household,nouns,24.28838079,24,410,178.70935233987203,5.185760756217712,0.468
toast,toast,toast,0,0,3,1,0,0,0,1,5,3,2,toast,TOAST,41,23,food_drink,nouns,22.89976452,21,386,168.24831708095272,5.125440965984189,0.025
tooth,tooth,tooth,5,0,1,1,0,0,0,1,3,5,0,teeth,TEETH,26,27,body_parts,nouns,21.31436737,19,602,262.39763441122676,5.5698610418281795,0.216
toothbrush,toothbrush,toothbrush,5,0,2,0,0,0,0,1,3,2,1,toothbrush,TOOTHBRUSH,22,15,household,nouns,21.09109388,20,124,54.04868217108326,3.9898851621243954,0.603
towel,towel,towel,5,0,2,1,0,0,0,2,5,2,1,towel,TOWEL,33,28,household,nouns,22.59991918,22,369,160.83841710588487,5.080400240559886,-0.065
train,train,train,4,1,5,0,1,0,0,0,7,4,0,train,TRAIN,27,21,vehicles,nouns,20.60760111,20,1479,644.6612978309043,6.468725059230158,-0.02
trash,trash,trash,0,3,2,0,0,0,2,0,7,3,2,trash,TRASH,30,19,household,nouns,23.9407108,27,102,44.459399850407195,3.7945764098036294,0.446
tree,tree,tree,3,0,7,1,0,0,0,0,8,3,2,tree,TREE,22,14,outside,nouns,19.72685692,19,1145,499.0785571442768,6.212763512507698,0.621
tummy,tummy,tummy,1,0,5,0,0,0,0,0,5,2,3,stomach,STOMACH,30,16,body_parts,nouns,21.02962771,20,248,108.09736434216651,4.68303234268434,-0.481
turkey,turkey,turkey,3,1,3,0,1,0,0,0,5,7,3,turkey,TURKEY,35,16,animals,nouns,26.01119078,26,236,102.86684671270685,4.633435401544968,-0.774
turtle,turtle,turtle,0,4,5,1,0,0,0,1,11,3,4,turtle,TURTLE,29,28,animals,nouns,22.2518395,23,343,149.50562890872226,5.007334043685298,-0.112
uncle,uncle,uncle,0,0,0,0,0,0,0,0,0,2,4,uncle,UNCLE,32,29,people,other,25.5042854,25,182,79.32951738013833,4.373610283596154,0.167
vacuum,vacuum,vacuum,4,0,3,0,1,0,0,0,4,0,0,vacuum,VACUUM,30,19,household,nouns,23.95842129,24,52,22.66557639432524,3.120847315100786,-0.243
washing_machine,washing machine,washing machine,3,2,0,0,1,0,0,0,3,4,0,wash_machine,WASH-MACHINE,31,14,furniture_rooms,nouns,26.52254546,28,6,2.615258814729835,0.9613630657474131,0.704
watch,watch (object),watch (object),2,0,5,0,0,0,0,0,5,0,2,wristwatch,WRISTWATCH,39,34,household,nouns,23.78454081,22,784,341.72715179136515,5.834012616869766,-0.492
water_(a_drink),water (beverage),water (beverage),5,0,2,1,0,1,0,1,5,5,1,water,WATER,24,14,food_drink,nouns,18.65229515,19,1606,700.0176094093525,6.551105491026066,1.717
window,window,window,5,0,6,2,0,0,0,0,8,2,0,window,WINDOW,31,28,furniture_rooms,nouns,24.35088039,23,494,215.32297574608975,5.372139113707281,0.786
wolf,wolf,wolf,0,0,2,1,2,0,0,1,6,7,3,wolf,WOLF,33,28,animals,nouns,27.86562941,27,103,44.89527631952883,3.804332584748994,-0.521
woods,woods,woods,1,0,4,1,0,0,0,0,5,3,1,forest,FOREST,28,21,places,other,31.42251846,NA,196,85.43178794784129,4.447718255749876,0.764
work,work (place),work (place),1,0,0,0,0,0,0,0,0,6,2,work,WORK,28,19,places,other,23.41733137,22,581,253.2442285596723,5.53435435337127,1.301
zipper,zipper,zipper,1,2,3,0,0,0,0,0,5,3,0,zipper,ZIPPER,29,28,clothing,nouns,24.27840184,23,54,23.537329332568515,3.158587643083633,-0.556
